i,Iter,F,V,T1,T2,x,Status
0,0,0.6757800280427957,6.000310200000164e-05,4.018678903579712,10.91856837272644,0,zero
1,0,1.844864550381212,8.51412436799967e-05,14.062824964523315,20.963391065597534,32,up
2,0,2.203266767192845,9.022571705999752e-05,23.666598320007324,30.56685972213745,37,up
3,0,2.545634182418776,0.00010034729295000169,33.11574053764343,40.01591610908508,42,up
4,0,2.9171214660028006,9.535756130999579e-05,42.61084580421448,49.5110445022583,47,up
5,0,3.319919348782047,0.000108668775780002,52.16487097740173,59.06523084640503,52,up
6,0,3.756316975963552,0.00010514754111000044,61.59555172920227,68.49567723274231,57,up
7,0,4.2008776032797,0.00011479540830000232,71.01330065727234,77.91359162330627,62,up
8,0,4.62915941529844,0.00012535911231000008,80.41234278678894,87.31263303756714,67,up
9,0,5.144585129662887,0.0001351648824000004,89.8202133178711,96.72067046165466,72,up
10,0,5.6301319716930545,0.0001321489370100029,99.23179531097412,106.1320550441742,77,up
11,0,6.164251023772932,0.00014623387568999877,108.64154052734375,115.54179787635803,82,up
12,0,6.729620008655623,0.00015553435650000197,118.0535409450531,124.95381832122803,87,up
13,0,7.215847662422864,0.00015910296204000793,127.44793152809143,134.3482060432434,92,up
14,0,7.0620111726848,0.00015853451160000032,135.35088872909546,136.21747875213623,92,tophold
15,0,7.020801166389878,0.00018960980231999894,137.21360301971436,138.08037304878235,92,tophold
16,0,6.985436704039436,0.00014514434568000528,139.06252574920654,139.9292426109314,92,tophold
17,0,6.9514743094247535,0.0001683876525599981,140.92001748085022,141.7869837284088,92,tophold
18,0,6.921804399108782,0.0001576502553600062,142.80533266067505,143.67202949523926,92,tophold
19,0,6.894399367442887,0.00016472430528000417,144.65596628189087,145.52257299423218,92,tophold
20,0,6.868914090061339,0.00016876661952000202,146.53060150146484,147.39735913276672,92,tophold
21,0,6.845262285872708,0.00015259736256000717,148.37159037590027,149.2383918762207,92,tophold
22,0,6.822861557509833,0.00014413376712000409,150.22836232185364,151.09509181976318,92,tophold
23,0,6.802758063206318,0.00016649281775999586,152.08643341064453,152.95311403274536,92,tophold
24,0,6.782374155355651,0.0001695245534400064,153.9417281150818,154.80831670761108,92,tophold
25,0,6.763489381468605,0.0001494393045600069,155.7994704246521,156.66608929634094,92,tophold
26,0,6.74619002263661,0.0001507025277600084,157.6462209224701,158.5128526687622,92,tophold
27,0,6.737475632402039,0.00013731236184000295,159.50742173194885,160.3738353252411,92,tophold
28,0,6.724576609233046,0.00014716550279999727,161.35360097885132,162.22022318840027,92,tophold
29,0,6.708086135633222,0.00017937769440000417,163.21764183044434,164.0842399597168,92,tophold
30,0,6.693288928452737,0.0001464075688800033,165.0647430419922,165.93129181861877,92,tophold
31,0,6.678405440180823,0.00016598752847999873,166.9355914592743,167.80222296714783,92,tophold
32,0,6.664600465551798,0.00017356686768000076,168.79917192459106,169.66586661338806,92,tophold
33,0,6.651496524790655,0.00015487116431999945,170.64813590049744,171.51486539840698,92,tophold
34,0,5.548995390338257,0.00013657021820999773,174.3496515750885,181.2497751712799,87,down
35,0,4.43724330511395,0.00012452222694000342,184.01251983642578,190.9127025604248,82,down
36,0,3.673032804317346,0.0001098214669500025,193.48010396957397,200.3806028366089,77,down
37,0,3.0262117728393148,0.00010312638399000151,202.90646958351135,209.80667090415955,72,down
38,0,2.456222705138886,9.687342915000105e-05,212.32440066337585,219.22453618049622,67,down
39,0,1.97790594894226,8.662553093999673e-05,221.73104214668274,228.63135957717896,62,down
40,0,1.566572978821574,7.435647560999695e-05,231.14043140411377,238.04071021080017,57,down
41,0,1.2407661405822572,6.786666642000228e-05,240.55387377738953,247.45402598381042,52,down
42,0,0.9892715886223349,6.819826250999486e-05,249.96399092674255,256.8642747402191,47,down
43,0,1.0244163038180378,8.046731784000158e-05,257.86945271492004,258.73610401153564,47,bothold
44,0,1.0340258603762096,6.606657336000535e-05,259.7306282520294,260.59740686416626,47,bothold
45,0,1.0422872748807652,6.114000287999605e-05,261.59071493148804,262.45741534233093,47,bothold
46,0,1.0501172839281645,6.316115999999844e-05,263.4299259185791,264.29688835144043,47,bothold
47,0,1.0571815482891096,7.023520992000334e-05,265.29668283462524,266.16337609291077,47,bothold
48,0,1.0634369274178859,7.794087144000553e-05,267.1459584236145,268.01262521743774,47,bothold
49,0,1.0692932564987914,5.2802729760003525e-05,269.00841999053955,269.8751299381256,47,bothold
50,0,1.0748260314868296,5.8739878799996675e-05,270.889164686203,271.75585532188416,47,bothold
51,0,1.0796901280162745,7.478281343999832e-05,272.7345938682556,273.60124611854553,47,bothold
52,0,1.0848130678200134,7.377223488000059e-05,274.59434962272644,275.46105337142944,47,bothold
53,0,1.0889761304815782,7.516178039999877e-05,276.4438409805298,277.3105185031891,47,bothold
54,0,1.092815639050275,5.6087110079997005e-05,278.30231285095215,279.16904377937317,47,bothold
55,0,1.0969139908932664,6.050839128000571e-05,280.15848994255066,281.0251135826111,47,bothold
56,0,1.1007103589162477,7.048785456000017e-05,282.01740169525146,282.88410544395447,47,bothold
57,0,1.1039890403906407,7.844616072000613e-05,283.87265157699585,284.7393503189087,47,bothold
58,0,1.1074187137750386,4.901306015999904e-05,285.7442443370819,286.61090421676636,47,bothold
59,0,1.110460122247995,6.455070551999662e-05,287.6057782173157,288.4725458621979,47,bothold
60,0,1.113728018585959,6.834037512000804e-05,289.4431974887848,290.30994606018066,47,bothold
61,0,1.1164135175567613,6.947727600000592e-05,291.3020875453949,292.16873002052307,47,bothold
62,0,1.1193578598018574,7.099314384000424e-05,293.14712738990784,294.0137069225311,47,bothold
63,1,1.1283998485554567,7.13247399300003e-05,296.5032298564911,303.40344619750977,47,zero
64,1,1.7393292941400817,7.441963676999702e-05,305.9406123161316,312.84081292152405,52,up
65,1,2.311739624968803,8.7588738629997e-05,315.345654964447,322.2460181713104,57,up
66,1,2.9349816519290997,9.576810885000148e-05,324.75351881980896,331.6538779735565,62,up
67,1,3.5719585501316296,0.00011056361058000425,334.1627736091614,341.06312131881714,67,up
68,1,4.208330132552086,0.00011231633277000372,343.56383657455444,350.4640827178955,72,up
69,1,4.8075604013954365,0.00012452222694000342,352.9688992500305,359.8693025112152,77,up
70,1,5.493369701064026,0.000135717542549995,362.38978910446167,369.2900297641754,82,up
71,1,6.2459902246256975,0.00014486012045999974,371.8123836517334,378.71276021003723,87,up
72,1,6.897382805807538,0.00015450798764999815,381.22905802726746,388.1293022632599,92,up
73,1,7.447713266082144,0.00016815079821000042,390.6349558830261,397.5354092121124,97,up
74,1,7.320379900976104,0.00014830240368000208,398.5464723110199,399.41314721107483,97,tophold
75,1,7.286449861770709,0.00016661914008000295,400.41646003723145,401.2831959724426,97,tophold
76,1,7.255723008084704,0.00017609331408000375,402.2832489013672,403.1499364376068,97,tophold
77,1,7.228501323738101,0.0001563870321599943,404.1389400959015,405.0056703090668,97,tophold
78,1,7.203307245040134,0.00016535591688000492,406.02871346473694,406.8954532146454,97,tophold
79,1,7.18128399645227,0.00017836711584000645,407.88813304901123,408.754759311676,97,tophold
80,1,7.161191287285184,0.0001739458346400012,409.7584810256958,410.62504029273987,97,tophold
81,1,7.141821182258837,0.00015360794111999448,411.6153976917267,412.48211336135864,97,tophold
82,1,7.124047277423968,0.0001597977348000018,413.4725959300995,414.339252948761,97,tophold
83,1,7.106629282091257,0.00016093463567999622,415.33243799209595,416.1991069316864,97,tophold
84,1,7.090699635585736,0.000171293065920005,417.1912033557892,418.05783200263977,97,tophold
85,1,7.075287675628803,0.00017407215696000136,419.03958654403687,419.9064197540283,97,tophold
86,1,7.059951211626874,0.000146154924240003,420.9286558628082,421.7953441143036,97,tophold
87,1,7.045046153082101,0.00016737707400000038,422.78849744796753,423.65523886680603,97,tophold
88,1,7.030788202723063,0.00015171310632000265,424.64176201820374,425.50842213630676,97,tophold
89,1,7.017382278141908,0.00016358740440001324,426.50720262527466,427.3739137649536,97,tophold
90,1,7.004450899563627,0.00019024141392000316,428.3639500141144,429.2305693626404,97,tophold
91,1,6.991778364259643,0.00016333475976000253,430.23053669929504,431.0970149040222,97,tophold
92,1,6.980561822373562,0.00013958616359999523,432.09248518943787,432.95925998687744,97,tophold
93,1,6.969614908898205,0.00013352269224000193,433.9569458961487,434.8235547542572,97,tophold
94,1,5.854903651866208,0.00014677074554999767,437.3337941169739,444.23416209220886,92,down
95,1,4.867113228471848,0.00012133258836000832,446.7845938205719,453.6848940849304,87,down
96,1,3.958753986734459,0.00011569545483000251,456.35847449302673,463.2588427066803,82,down
97,1,3.1914885960443633,0.0001033158674699948,465.9723536968231,472.87286257743835,77,down
98,1,2.629058560838557,9.892616685000175e-05,475.44227719306946,482.3426847457886,72,down
99,1,2.139840727996396,8.171475074999698e-05,484.8607211112976,491.7609963417053,67,down
100,1,1.7021744991424375,7.88251276799927e-05,494.28486371040344,501.1852707862854,62,down
101,1,1.335239891273472,7.678818027000156e-05,503.70728635787964,510.60757994651794,57,down
102,1,1.0418194695881609,7.222478645999703e-05,513.1267037391663,520.0271418094635,52,down
103,1,0.8225603422722395,6.674555583000355e-05,522.5496282577515,529.4499890804291,47,down
104,1,0.8565132998925462,7.794087143999859e-05,530.4657287597656,531.3323428630829,47,bothold
105,1,0.8640736805292222,6.556128407999781e-05,532.3292241096497,533.1958980560303,47,bothold
106,1,0.8726370788537879,7.137211079999775e-05,534.2001807689667,535.0669231414795,47,bothold
107,1,0.8793670039854367,7.010888759999973e-05,536.051917552948,536.9188632965088,47,bothold
108,1,0.8864959791649557,6.227690375999739e-05,537.9222583770752,538.7889316082001,47,bothold
109,1,0.8915865635594078,6.947727600000245e-05,539.7921476364136,540.6588072776794,47,bothold
110,1,0.8982302075996251,7.250901167999563e-05,541.6719002723694,542.5385806560516,47,bothold
111,1,0.9043669502276829,5.507653151999928e-05,543.5286295413971,544.3953857421875,47,bothold
112,1,0.9094575346221351,7.023520991999987e-05,545.4147617816925,546.2810752391815,47,bothold
113,1,0.9143863419701534,7.440384647999787e-05,547.2487931251526,548.1155152320862,47,bothold
114,1,0.9188513884517281,7.705661520000101e-05,549.1155755519867,549.9823117256165,47,bothold
115,1,0.9227232524297119,8.362537584000185e-05,550.9839534759521,551.8508496284485,47,bothold
116,1,0.9265735461348377,7.301430096000316e-05,552.8525805473328,553.7192015647888,47,bothold
117,1,0.9307150385235448,5.39396306400014e-05,554.7157807350159,555.5824511051178,47,bothold
118,1,0.933659380768641,8.109892943999886e-05,556.5841553211212,557.450879573822,47,bothold
119,1,0.9372400460630439,8.071996248000535e-05,558.4384031295776,559.3050768375397,47,bothold
120,1,0.9403785207638607,8.918355792000149e-05,560.3017327785492,561.1686434745789,47,bothold
121,1,0.9429993089160893,6.770876352000382e-05,562.1853199005127,563.0520570278168,47,bothold
122,1,0.9458573700697545,5.949781271999757e-05,564.050840139389,564.9175262451172,47,bothold
123,1,0.9485320839041275,7.756190448000161e-05,565.9202101230621,566.7867615222931,47,bothold
124,2,0.9568204612497557,6.642975003000318e-05,569.2940938472748,576.1944205760956,47,zero
125,2,1.5095142145443503,7.584076286999697e-05,578.7379360198975,585.6382040977478,52,up
126,2,2.0619841762580453,9.737871842999818e-05,588.1540277004242,595.0543873310089,57,up
127,2,2.6521077455292215,9.982621338000194e-05,597.5666666030884,604.466968536377,62,up
128,2,3.2652076998201682,0.0001011683880299992,606.9952254295349,613.8955273628235,67,up
129,2,3.889330063541474,0.00011901141573000124,616.4248294830322,623.3253562450409,72,up
130,2,4.48005760045267,0.00012556438608000292,625.8400857448578,632.7404131889343,77,up
131,2,5.163561577209578,0.00013383849803999884,635.2563898563385,642.1565692424774,82,up
132,2,5.858228170170424,0.00014179680420000132,644.6726531982422,651.5729625225067,87,up
133,2,6.4815349079492925,0.00015258157226999414,654.1042106151581,661.0043852329254,92,up
134,2,7.087117622149279,0.00016368214613999774,663.5304853916168,670.4307720661163,97,up
135,2,6.990052742431015,0.00017002984271999658,671.4359526634216,672.302615404129,97,tophold
136,2,6.96493415968805,0.00016762971864000414,673.3090209960938,674.1756806373596,97,tophold
137,2,6.94209124073159,0.0001880939344800006,675.1663284301758,676.0330443382263,97,tophold
138,2,6.9217396882902085,0.00018556748808000456,677.0266964435577,677.8936002254486,97,tophold
139,2,6.902283302172431,0.00015941876784000136,678.9005737304688,679.7670783996582,97,tophold
140,2,6.885199646069014,0.00016901926416000232,680.7957265377045,681.6625046730042,97,tophold
141,2,6.86880623869705,0.00013465959312000328,682.692239522934,683.558981180191,97,tophold
142,2,6.854041386925853,0.00017255628912000304,684.5469927787781,685.4136452674866,97,tophold
143,2,6.839103972971793,0.0001547448420000097,686.4136471748352,687.2803063392639,97,tophold
144,2,6.8252019321149096,0.00015588174288000411,688.30837225914,689.1750774383545,97,tophold
145,2,6.812604892765926,0.0001518394286400028,690.1719071865082,691.0385875701904,97,tophold
146,2,6.800849094058399,0.00016080831336000648,692.0277123451233,692.8945572376251,97,tophold
147,2,6.789352138625164,0.00015461851968000262,693.900586605072,694.7672390937805,97,tophold
148,2,6.7775100588262065,0.000148681370640006,695.7548017501831,696.6214361190796,97,tophold
149,2,6.7663258723494115,0.00015335529648000112,697.6293287277222,698.4959723949432,97,tophold
150,2,6.755821149467639,0.00014148099840000788,699.4947533607483,700.3615388870239,97,tophold
151,2,6.746222378045896,0.0001599240571200089,701.3574092388153,702.2240746021271,97,tophold
152,2,6.74077588414929,0.00015310265184000083,703.2131686210632,704.0799398422241,97,tophold
153,2,6.736504970123437,0.00016143992496000029,705.1078577041626,705.974451303482,97,tophold
154,2,6.728588679984607,0.0001541132303999916,706.9860053062439,707.8529088497162,97,tophold
155,2,5.549003479190579,0.00013268580686999834,710.3470182418823,717.247317314148,92,down
156,2,4.57326544575554,0.00011771661195000491,719.8071691989899,726.7073438167572,87,down
157,2,3.6658916958593455,0.00011001095043000272,729.230194568634,736.130665063858,82,down
158,2,2.951646035853841,0.00010170525789000504,738.6488265991211,745.5490849018097,77,down
159,2,2.4376844037596195,9.249951882000021e-05,748.0692386627197,754.9693977832794,72,down
160,2,1.9573400419143547,8.605708049999952e-05,757.4976770877838,764.3978266716003,67,down
161,2,1.5356277261228835,7.285639806000124e-05,766.9279644489288,773.8284859657288,62,down
162,2,1.1744928253685716,7.457753967000241e-05,776.3526394367218,783.2530508041382,57,down
163,2,0.9165217989830804,6.524547828000091e-05,785.7637529373169,792.6640017032623,52,down
164,2,0.953460891252146,6.783508583999703e-05,793.6937630176544,794.5603873729706,52,bothold
165,2,0.963534208676761,8.69097561599988e-05,795.5520079135895,796.4185545444489,52,bothold
166,2,0.97236723541205,7.642500360000026e-05,797.4011437892914,798.2678442001343,52,bothold
167,2,0.980326666096596,6.366644928000251e-05,799.2644188404083,800.1313116550446,52,bothold
168,2,0.9875311372311173,8.438330975999928e-05,801.1318092346191,801.998450756073,52,bothold
169,2,0.9941963515441925,7.41512018399941e-05,803.0003280639648,803.8670539855957,52,bothold
170,2,1.000667433401547,7.288797863999608e-05,804.9181966781616,805.7849159240723,52,bothold
171,2,1.0062864894810164,9.448909536000083e-05,806.7868089675903,807.6534931659698,52,bothold
172,2,1.0117545536504808,5.671872167999775e-05,808.6492829322815,809.5159904956818,52,bothold
173,2,1.016866708317791,7.680397055999724e-05,810.5206723213196,811.3873677253723,52,bothold
174,2,1.021428821027226,6.998256527999958e-05,812.3904712200165,813.257007598877,52,bothold
175,2,1.025969363463803,6.290851536000508e-05,814.2457094192505,815.1126065254211,52,bothold
176,2,1.0302187072167992,6.80877304800008e-05,816.1350033283234,817.0015599727631,52,bothold
177,2,1.034263133377646,6.189793680000388e-05,818.0080485343933,818.8747761249542,52,bothold
178,2,1.038059501400627,7.326694560000693e-05,819.892117023468,820.7587423324585,52,bothold
179,2,1.0413597531478778,6.265587072000131e-05,821.751672744751,822.6183574199677,52,bothold
180,2,1.044627649485842,8.413066512000245e-05,823.6213479042053,824.4879899024963,52,bothold
181,2,1.0476906282316565,6.240322608000448e-05,825.4856355190277,826.3522799015045,52,bothold
182,2,1.050678111022468,7.743558215999799e-05,827.3446004390717,828.2113020420074,52,bothold
183,2,1.0533743951296994,8.299376424000804e-05,829.2154939174652,830.0823512077332,52,bothold
184,-1,7.895145000026693e-07,0.055633335237601576,0.29508066177368164,0.0,11,bot2mid
185,-1,-7.544249666666461e-05,0.15475547972968284,0.6881067752838135,0.0,22,bot2mid
186,-1,-7.066154774999778e-05,0.3349009616440572,0.9790217876434326,0.0,27,bot2mid
187,-1,-5.702049166666362e-05,0.5308197055857329,1.2994658946990967,0.0,36,bot2mid
188,-1,-8.776769524999894e-05,0.7931007421166331,1.57926344871521,0.0,41,bot2mid
189,-1,-9.671552624999913e-05,1.1770104057569177,1.8595211505889893,0.0,46,bot2mid
190,-1,-0.0001603591673333335,1.4830798451570575,2.08713698387146,0.0,46,bot2mid
191,-1,-6.079261650000084e-05,1.436130798139897,2.3356244564056396,0.0,46,bot2mid
192,-1,-6.552970350000298e-05,1.4136542742348959,2.6010262966156006,0.0,46,bot2mid
193,-1,-7.342484850000192e-05,1.3999668875516604,2.881067991256714,0.0,46,bot2mid
194,-1,-7.083699541667043e-05,1.3899569328035652,3.1611711978912354,0.0,46,bot2mid
195,-1,-0.00011171630175000127,1.3822575437418056,3.462973117828369,0.0,46,bot2mid
196,-1,-6.811755658333446e-05,1.3746892240463693,3.7429983615875244,0.0,46,bot2mid
197,-1,-7.210899100000209e-05,1.3698696162046937,4.022967576980591,0.0,46,bot2mid
198,-1,-8.921513849999979e-05,1.3653009125785525,4.32497239112854,0.0,46,bot2mid
199,-1,-9.90402078333355e-05,1.3615785425749583,4.60504412651062,0.0,46,bot2mid
200,-1,-7.969710258333429e-05,1.3589159620190678,4.884941577911377,0.0,46,bot2mid
201,-1,-5.0134170750001233e-05,1.3553845788064027,5.18700647354126,0.0,46,bot2mid
202,-1,-6.952113791667061e-05,1.3531863582912016,5.4667181968688965,0.0,46,bot2mid
203,-1,-7.066154774999778e-05,1.3512652558647997,5.746891736984253,0.0,46,bot2mid
204,-1,-0.00012197999025000128,1.3492430427843762,6.048793792724609,0.0,46,bot2mid
205,-1,-7.127561458333473e-05,1.3473556439093148,6.32888650894165,0.0,46,bot2mid
206,-1,-0.00010114557983333453,1.346007501855699,6.608831405639648,0.0,46,bot2mid
207,-1,-8.053047899999818e-05,1.3445395249528733,6.910831928253174,0.0,46,bot2mid
208,-1,-7.03545143333345e-05,1.3430415893377452,7.190769672393799,0.0,46,bot2mid
209,-1,-0.00010342639949999927,1.341929372143512,7.470770835876465,0.0,46,bot2mid
210,-1,-7.381960575000152e-05,1.340285387805909,7.7727320194244385,0.0,46,bot2mid
211,-1,-0.0001174183509166718,1.33913197738226,8.052753925323486,0.0,46,bot2mid
212,-1,-8.377626083333478e-05,1.338188277944729,8.332759380340576,0.0,46,bot2mid
213,-1,-6.592446075000258e-05,1.3371097643018366,8.634769201278687,0.0,46,bot2mid
214,-1,-8.91274146666704e-05,1.33653680392905,8.91476035118103,0.0,46,bot2mid
215,-1,-7.066154775000125e-05,1.3357279186968807,9.194703817367554,0.0,46,bot2mid
216,-1,-7.974096449999551e-05,1.334802943454539,9.496756553649902,0.0,46,bot2mid
217,-1,-0.00010728624816667282,1.334177555335223,9.776623010635376,0.0,46,bot2mid
218,-1,-7.873214041666937e-05,1.3332338558976922,10.05679202079773,0.0,46,bot2mid
219,-1,-9.434698274999806e-05,1.3330653381409898,10.35863471031189,0.0,46,bot2mid
220,-1,-9.044327216666675e-05,1.3320879351521189,10.638533592224121,0.0,46,bot2mid
221,-1,-7.588111583333237e-05,1.331818306741396,10.918638944625854,0.0,46,bot2mid
222,-1,-7.697766375000525e-05,1.331267815402836,11.220451593399048,0.0,46,bot2mid
223,-1,-9.30311252500017e-05,1.330706089547163,11.50036096572876,0.0,46,bot2mid
224,-1,-6.763507549999853e-05,1.3303016469310784,11.780388832092285,0.0,46,bot2mid
225,-1,-0.00010382115674999887,1.3296800036508,12.082500696182251,0.0,46,bot2mid
226,-1,-9.07064436666688e-05,1.329425354596228,12.362554788589478,0.0,46,bot2mid
227,-1,-7.908303574999734e-05,1.3286838764667395,12.64242935180664,0.0,46,bot2mid
228,-1,-9.632076899999953e-05,1.3285116138709998,12.944422960281372,0.0,46,bot2mid
229,-1,-8.23726795000021e-05,1.3280772125426128,13.224414587020874,0.0,46,bot2mid
230,-1,-0.00010991796316666205,1.3280772125426128,13.504410743713379,0.0,46,bot2mid
231,-1,-7.697766374999832e-05,1.32746305894041,13.806301355361938,0.0,46,bot2mid
232,-1,-7.741628291666955e-05,1.3276390663751878,14.086299180984497,0.0,46,bot2mid
233,-1,-0.00011899737991666673,1.3267290704889971,14.366316795349121,0.0,46,bot2mid
234,-1,-7.342484850000192e-05,1.326354586585215,14.66828441619873,0.0,46,bot2mid
235,-1,-7.667063033333504e-05,1.3266953669376569,14.94840669631958,0.0,46,bot2mid
236,-1,-7.158264800000147e-05,1.3260549994621895,15.22826337814331,0.0,46,bot2mid
237,-1,-9.513649725000073e-05,1.3258153297637687,15.530156373977661,0.0,46,bot2mid
238,-1,-4.13617874166633e-05,1.3257853710514662,15.810241460800171,0.0,46,bot2mid
239,-1,-8.219723183333291e-05,1.325684260397445,16.090084314346313,0.0,46,bot2mid
240,-1,-6.395067450000111e-05,1.3250663619562046,16.392093658447266,0.0,46,bot2mid
241,-1,-7.838124508333447e-05,1.3254146319867222,16.67213797569275,0.0,46,bot2mid
242,-1,-6.452087941666296e-05,1.3245720432032122,16.95214581489563,0.0,46,bot2mid
243,-1,-6.355591724999804e-05,1.3248566509700868,17.254082202911377,0.0,46,bot2mid
244,-1,-6.824914233333548e-05,1.3243361183438296,17.534143209457397,0.0,46,bot2mid
245,-1,-9.175912966666658e-05,1.3242687112411486,17.814321279525757,0.0,46,bot2mid
246,-1,-8.131999350000432e-05,1.32407772445022,18.116084575653076,0.0,46,bot2mid
247,-1,-7.360029616666763e-05,1.3236620473170218,18.396015405654907,0.0,46,bot2mid
248,-1,-6.838072808333304e-05,1.32349352956032,18.6760196685791,0.0,46,bot2mid
249,-1,-7.421436300000112e-05,1.3235684263410763,18.97792387008667,0.0,46,bot2mid
250,-1,-8.526756600000032e-05,1.3231901975982563,19.25794792175293,0.0,46,bot2mid
251,-1,-5.614325333333503e-05,1.3231227904955756,19.537946939468384,0.0,46,bot2mid
252,-1,-6.631921799999524e-05,1.3226996236843016,19.83995819091797,0.0,46,bot2mid
253,-1,-9.71102835000022e-05,1.3224487194687677,20.120056867599487,0.0,46,bot2mid
254,-1,-7.890758808333509e-05,1.3223476088147468,20.399874210357666,0.0,46,bot2mid
255,-1,-9.276795375000313e-05,1.3222502429997633,20.701863288879395,0.0,46,bot2mid
256,-1,-7.386346766667315e-05,1.3224487194687677,20.981884956359863,0.0,46,bot2mid
257,-1,-7.338098658333375e-05,1.3222464981607254,21.261881589889526,0.0,46,bot2mid
258,-1,-7.816193550000058e-05,1.3223700778489735,21.563695192337036,0.0,46,bot2mid
259,-1,-0.000103119366083336,1.3223476088147468,21.843828439712524,0.0,46,bot2mid
260,-1,-3.7282629166669745e-05,1.3225161265714487,22.123862504959106,0.0,46,bot2mid
261,-1,-9.079416750000166e-05,1.3223700778489735,22.42582130432129,0.0,46,bot2mid
262,-1,-8.601321858332789e-05,1.3220779804040237,22.70576024055481,0.0,46,bot2mid
263,-1,-6.37313649166707e-05,1.321943166198662,22.985723733901978,0.0,46,bot2mid
264,-1,-0.0001089530010000006,1.3218308210275274,23.28763461112976,0.0,46,bot2mid
265,-1,-7.960937874999796e-05,1.321606130685258,23.567663431167603,0.0,46,bot2mid
266,-1,-3.987048224999776e-05,1.3217746484419601,23.847668409347534,0.0,46,bot2mid
267,-1,-7.224057675000312e-05,1.322130408150553,24.14966630935669,0.0,46,bot2mid
268,-1,-4.982713733333102e-05,1.3218083519933004,24.429707050323486,0.0,46,bot2mid
269,-1,-4.73270080833324e-05,1.3218420555446408,24.709603548049927,0.0,46,bot2mid
270,-1,-7.776717824999752e-05,1.3220405320136455,25.011662483215332,0.0,46,bot2mid
271,-1,-7.031065241666981e-05,1.322212794609385,25.291594743728638,0.0,46,bot2mid
272,-1,-7.355643425000294e-05,1.323055383392895,25.571585178375244,0.0,46,bot2mid
273,-1,-9.197843925000046e-05,1.3232388805057482,25.873485326766968,0.0,46,bot2mid
274,-1,-5.8160901500001194e-05,1.3231901975982563,26.15353226661682,0.0,46,bot2mid
275,-1,-0.00010031220341666369,1.3235609366630008,26.433525800704956,0.0,46,bot2mid
276,-1,-5.763455850000057e-05,1.3235983850533788,26.73539090156555,0.0,46,bot2mid
277,-1,-7.987255025000001e-05,1.3236283437656813,27.01541829109192,0.0,46,bot2mid
278,-1,-7.136333841666759e-05,1.3233924189062989,27.295409679412842,0.0,46,bot2mid
279,-1,-7.974096449999898e-05,1.3231490043688405,27.597328424453735,0.0,46,bot2mid
280,-1,-0.00011083906341666921,1.323156494046916,27.87736749649048,0.0,46,bot2mid
281,-1,-6.833686616666487e-05,1.3232576047009372,28.157500982284546,0.0,46,bot2mid
282,-1,-6.868776149999978e-05,1.3228494172458147,28.459262371063232,0.0,46,bot2mid
283,-1,-5.838021108332814e-05,1.322886865636193,28.73930311203003,0.0,46,bot2mid
284,-1,-7.649518266666933e-05,1.322954272738874,29.019460678100586,0.0,46,bot2mid
285,-1,-0.00011882193225000448,1.3223401191366708,29.321216821670532,0.0,46,bot2mid
286,-1,-7.522318708333073e-05,1.322819458533512,29.601300477981567,0.0,46,bot2mid
287,-1,-6.627535608333401e-05,1.322819458533512,29.881365060806274,0.0,46,bot2mid
288,-1,-7.500387750000032e-05,1.3227894998212095,30.183279037475586,0.0,46,bot2mid
289,-1,-0.0001392615854166647,1.9482562607570935,0.2953948974609375,0.0,57,mid2top
290,-1,-0.00011123382066666535,2.673253353640182,0.5861682891845703,0.0,63,mid2top
291,-1,-3.908096775000203e-05,3.3470697313933706,0.8915879726409912,0.0,68,mid2top
292,-1,-0.00016171888674999801,4.011756191572353,1.1642210483551025,0.0,73,mid2top
293,-1,-6.447701749999826e-05,4.623273427092355,1.4502863883972168,0.0,79,mid2top
294,-1,-0.0001010578559999982,5.351337543147417,1.739079475402832,0.0,84,mid2top
295,-1,-0.00021843234499999836,6.184253407422427,2.0268642902374268,0.0,89,mid2top
296,-1,-0.00016206978208333292,6.894656862575126,2.2992076873779297,0.0,92,mid2top
297,-1,-0.00016895610300000224,6.8761161644988755,2.6012542247772217,0.0,92,mid2top
298,-1,-0.00017658807649999914,6.76210079515338,2.881279468536377,0.0,92,mid2top
299,-1,-0.00015224471275000068,6.700895145919237,3.1612558364868164,0.0,92,mid2top
300,-1,-0.00012395377649999928,6.6450446165091765,3.4631175994873047,0.0,92,mid2top
301,-1,-0.0001561922852499932,6.598503756947137,3.743161916732788,0.0,92,mid2top
302,-1,-0.00013794572791666487,6.561800589537454,4.02315616607666,0.0,92,mid2top
303,-1,-0.00012434853375000235,6.5283853908029785,4.325059652328491,0.0,92,mid2top
304,-1,-0.00014439342966666296,6.500864568714033,4.604989051818848,0.0,92,mid2top
305,-1,-0.00017009651283333288,6.476598011748954,4.885120153427124,0.0,92,mid2top
306,-1,-0.00015592911375000157,6.452050591856038,5.186996698379517,0.0,92,mid2top
307,-1,-0.0001580783476666653,6.4310645138880895,5.467090368270874,0.0,92,mid2top
308,-1,-0.000144525015416664,6.4131005210236625,5.747038841247559,0.0,92,mid2top
309,-1,-0.0001432968817500005,6.394469946810503,6.04903507232666,0.0,92,mid2top
310,-1,-0.00014956913583333287,6.379531783888636,6.328967332839966,0.0,92,mid2top
311,-1,-0.00013241912641666354,6.364870739055568,6.608978986740112,0.0,92,mid2top
312,-1,-0.00018198309224999945,6.3488128692613905,6.9109721183776855,0.0,92,mid2top
313,-1,-0.00016886837916666592,6.336660866583662,7.191011905670166,0.0,92,mid2top
314,-1,-0.00016321019191666356,6.323651295766273,7.470942497253418,0.0,92,mid2top
315,-1,-0.00012987513525000022,6.311154767897064,7.772958993911743,0.0,92,mid2top
316,-1,-0.00011562001233332911,6.299620663660575,8.052855253219604,0.0,92,mid2top
317,-1,-0.00016996492708333186,6.289037748539695,8.332908868789673,0.0,92,mid2top
318,-1,-0.00018987823725000186,6.27924873929483,8.634852170944214,0.0,92,mid2top
319,-1,-0.00014649880166666546,6.2695233923136096,8.914798974990845,0.0,92,mid2top
320,-1,-0.000154306222833335,6.260254915695002,9.19484567642212,0.0,92,mid2top
321,-1,-0.00014842872600000223,6.250368540635155,9.49683690071106,0.0,92,mid2top
322,-1,-0.00013961248075000307,6.2432009187167665,9.776710033416748,0.0,92,mid2top
323,-1,-0.00016123640566666556,6.234168366957543,10.056750059127808,0.0,92,mid2top
324,-1,-0.00013540173675000156,6.225263139725604,10.358652114868164,0.0,92,mid2top
325,-1,-0.00012294495241666273,6.219001768854367,10.638590574264526,0.0,92,mid2top
326,-1,-0.00014105992399999698,6.2113510627001,10.918489933013916,0.0,92,mid2top
327,-1,-0.00013382270775000316,6.204202164976899,11.220623016357422,0.0,92,mid2top
328,-1,-0.00017141237033333617,6.196352982353627,11.500612735748291,0.0,92,mid2top
329,-1,-0.00014404253433333153,6.190016714701635,11.780619144439697,0.0,92,mid2top
330,-1,-0.00014763921149999956,6.182841603105168,12.082611322402954,0.0,92,mid2top
331,-1,-0.00013662987041666505,6.176906033230224,12.362552404403687,0.0,92,mid2top
332,-1,-0.00017123692266666352,6.17144605791308,12.642598628997803,0.0,92,mid2top
333,-1,-0.00014566542525000156,6.165585384818891,12.944495439529419,0.0,92,mid2top
334,-1,-0.00012518191016666624,6.1592453723278595,13.224559545516968,0.0,92,mid2top
335,-1,-0.0001413669574166672,6.153717989908035,13.504514932632446,0.0,92,mid2top
336,-1,-0.00018237784950000252,6.1478498271357696,13.806452751159668,0.0,92,mid2top
337,-1,-0.00014623563016666688,6.144078774224685,14.086588621139526,0.0,92,mid2top
338,-1,-0.00018123743966666842,6.1379784314320744,14.36652159690857,0.0,92,mid2top
339,-1,-0.00015513959925000237,6.1326308012860675,14.66834306716919,0.0,92,mid2top
340,-1,-0.00013667373233332974,6.127631441170577,14.948369979858398,0.0,92,mid2top
341,-1,-0.0001660173545833324,6.121261469967241,15.228382349014282,0.0,92,mid2top
342,-1,-0.00014369163899999662,6.118909711051492,15.530385732650757,0.0,92,mid2top
343,-1,-0.00013426132691666398,6.113475949607613,15.81033182144165,0.0,92,mid2top
344,-1,-0.0001221992998333317,6.109027080830681,16.090508937835693,0.0,92,mid2top
345,-1,-0.00012987513525000022,6.105308455666125,16.39221453666687,0.0,92,mid2top
346,-1,-0.00013255071216666803,6.100668600098264,16.672245979309082,0.0,92,mid2top
347,-1,-0.00013636669891666994,6.096388249078037,16.95235586166382,0.0,92,mid2top
348,-1,-0.00013698076575000342,6.092725796499047,17.254162311553955,0.0,92,mid2top
349,-1,-0.00014877962133333367,6.088265693205002,17.53419518470764,0.0,92,mid2top
350,-1,-0.00017321070891666152,6.084288674146837,17.814197540283203,0.0,92,mid2top
351,-1,-0.00013855979475000182,6.080892105139532,18.116132974624634,0.0,92,mid2top
352,-1,-0.0001707983035000027,6.076334636030505,18.39624261856079,0.0,92,mid2top
353,-1,-0.0001217606806666674,6.072829466691104,18.676143646240234,0.0,92,mid2top
354,-1,-0.0001448759107499989,6.069747464162979,18.978082180023193,0.0,92,mid2top
355,-1,-0.00016755252166666956,6.065920238666325,19.258102893829346,0.0,92,mid2top
356,-1,-0.00015369215600000152,6.063459879418477,19.537956714630127,0.0,92,mid2top
357,-1,-0.0001634295015000009,6.058632781898726,19.840012073516846,0.0,92,mid2top
358,-1,-0.0001200939278333292,6.055640655507507,20.12001633644104,0.0,92,mid2top
359,-1,-0.00014382322474999765,6.0537869601837855,20.400050163269043,0.0,92,mid2top
360,-1,-0.00013461222224999542,6.049255704948021,20.701902627944946,0.0,92,mid2top
361,-1,-0.0001532096749166656,6.046001439824156,20.98210310935974,0.0,92,mid2top
362,-1,-0.00011404098333333418,6.04377700543569,21.26196026802063,0.0,92,mid2top
363,-1,-0.00014645493975000076,6.0388300730667295,21.56395649909973,0.0,92,mid2top
364,-1,-0.00015720110933333323,6.037137405821634,21.843900203704834,0.0,92,mid2top
365,-1,-0.0001452706679999985,6.0340703826496584,22.123982906341553,0.0,92,mid2top
366,-1,-0.00013500697949999849,6.030052170362077,22.425968885421753,0.0,92,mid2top
367,-1,-0.00014031427141666247,6.02645338004673,22.705981731414795,0.0,92,mid2top
368,-1,-0.00014781465916666875,6.023689688836819,22.98587441444397,0.0,92,mid2top
369,-1,-0.00014448115350000276,6.020345547576045,23.28776526451111,0.0,92,mid2top
370,-1,-0.00013974406650000062,6.016814164363379,23.567838668823242,0.0,92,mid2top
371,-1,-0.00015812220958333345,6.015196393899041,23.847833395004272,0.0,92,mid2top
372,-1,-0.00018395687850000092,6.012196777829747,24.149736404418945,0.0,92,mid2top
373,-1,-0.00013777028024999916,6.010309378954686,24.429762363433838,0.0,92,mid2top
374,-1,-0.00012250633324999843,6.007849019706836,24.70977282524109,0.0,92,mid2top
375,-1,-0.00014684969700000383,6.003808338385027,25.011726140975952,0.0,92,mid2top
376,-1,-0.00015426236091666337,6.001782380465566,25.291646003723145,0.0,92,mid2top
377,-1,-0.00013834048516666794,5.999220910563697,25.57165241241455,0.0,92,mid2top
378,-1,-0.00013540173675000156,5.995779403487941,25.873605489730835,0.0,92,mid2top
379,-1,-0.00015851696683333305,5.995277595056872,26.153597116470337,0.0,92,mid2top
380,-1,-0.00017246505633333048,5.992244275436237,26.433598279953003,0.0,92,mid2top
381,-1,-0.00014842872600000223,5.988769064809139,26.73550534248352,0.0,92,mid2top
382,-1,-0.00014807783066666386,5.986851707221774,27.015540599822998,0.0,92,mid2top
383,-1,-0.00013930544733333286,5.985739490027542,27.295580625534058,0.0,92,mid2top
384,-1,-0.0001472444542499965,5.98154901514422,27.597536325454712,0.0,92,mid2top
385,-1,-0.0001436039151666707,5.979976182748335,27.877475023269653,0.0,92,mid2top
386,-1,-0.00017290367549999824,5.977616934154509,28.157474040985107,0.0,92,mid2top
387,-1,-0.0001547448419999993,5.9760665707928515,28.459464073181152,0.0,92,mid2top
388,-1,-0.00014794624491666977,5.974617318085214,28.73944354057312,0.0,92,mid2top
389,-1,-0.00013855979475000182,5.971853626875302,29.019420862197876,0.0,92,mid2top
390,-1,-0.00013145416424999862,5.96953557151089,29.321471691131592,0.0,92,mid2top
391,-1,-0.00012719955833333588,5.968382161087241,29.601356744766235,0.0,92,mid2top
392,-1,-0.00014176171466667026,5.965214027261246,29.88138747215271,0.0,92,mid2top
393,-1,-9.592601174999993e-05,5.962944654804326,30.183269262313843,0.0,92,mid2top
394,-1,-0.00023404718733333052,4.586974702298756,0.29521989822387695,0.0,81,top2mid
395,-1,-0.00011983075633333409,2.939444002126567,0.5931596755981445,0.0,74,top2mid
396,-1,-9.474173999999766e-05,1.985236546255575,0.9008529186248779,0.0,64,top2mid
397,-1,-3.960731074999918e-05,1.319786138912877,1.1638803482055664,0.0,60,top2mid
398,-1,-0.00010009289383332981,0.9048954219127,1.4413788318634033,0.0,53,top2mid
399,-1,-9.947882700000327e-05,0.5786150862254411,1.7392466068267822,0.0,46,top2mid
400,-1,-5.9345173249999994e-05,0.5359426453894719,2.01912522315979,0.0,46,top2mid
401,-1,-6.91702425833357e-05,0.5744658045715355,2.2991385459899902,0.0,46,top2mid
402,-1,-2.1316891500006152e-05,0.6007545746170382,2.6011483669281006,0.0,46,top2mid
403,-1,-4.522163608333338e-05,0.6213137409346748,2.8811841011047363,0.0,46,top2mid
404,-1,-8.496053258333011e-05,0.63651404258919,3.1610774993896484,0.0,46,top2mid
405,-1,-7.026679049999818e-05,0.6496172343825253,3.4630212783813477,0.0,46,top2mid
406,-1,-6.0353997333333076e-05,0.6606120817975675,3.7428557872772217,0.0,46,top2mid
407,-1,-3.947572500000163e-05,0.6695435229027703,4.023029327392578,0.0,46,top2mid
408,-1,-7.776717825000098e-05,0.6783176807683847,4.324918031692505,0.0,46,top2mid
409,-1,-2.9255898416666315e-05,0.6869008518430703,4.604998588562012,0.0,46,top2mid
410,-1,-6.031013541666838e-05,0.6937089692138285,4.88499641418457,0.0,46,top2mid
411,-1,-7.145106224999698e-05,0.7008466324199152,5.18686056137085,0.0,46,top2mid
412,-1,-4.1230201666665744e-05,0.707122982647303,5.466898441314697,0.0,46,top2mid
413,-1,-7.017906666666532e-05,0.712684068618467,5.74689245223999,0.0,46,top2mid
414,-1,-4.065999675000043e-05,0.7181627681307989,6.048796892166138,0.0,46,top2mid
415,-1,-4.482687883333725e-05,0.7236714263554336,6.328831911087036,0.0,46,top2mid
416,-1,-7.80742116666712e-05,0.7281539986837051,6.608832359313965,0.0,46,top2mid
417,-1,-8.645183774999912e-05,0.7328125784467543,6.910790205001831,0.0,46,top2mid
418,-1,-6.443315558333704e-05,0.7374898824049927,7.190816640853882,0.0,46,top2mid
419,-1,-9.811910758333181e-05,0.7411635695010949,7.470821142196655,0.0,46,top2mid
420,-1,-3.671242425000096e-05,0.7449158982169914,7.772679567337036,0.0,46,top2mid
421,-1,-4.8862175166666105e-05,0.7491176076174263,8.052759647369385,0.0,46,top2mid
422,-1,-7.289850550000129e-05,0.7525890734054866,8.332709789276123,0.0,46,top2mid
423,-1,-9.434698275000153e-05,0.7554613649474954,8.63461685180664,0.0,46,top2mid
424,-1,-7.425822491666581e-05,0.7588916375061392,8.9147047996521,0.0,46,top2mid
425,-1,-4.614273633333013e-05,0.7616890322673912,9.306577920913696,0.0,46,top2mid
426,-1,-7.539863475000338e-05,0.7644489786382652,9.537809371948242,0.0,46,top2mid
427,-1,-6.0353997333336545e-05,0.7675534502006189,9.776590824127197,0.0,46,top2mid
428,-1,-6.241550741666393e-05,0.7704519556158921,10.056626558303833,0.0,46,top2mid
429,-1,-3.355436625000069e-05,0.7726576658091686,10.358608722686768,0.0,46,top2mid
430,-1,-0.0001197430325000047,0.7754063776629292,10.638524770736694,0.0,46,top2mid
431,-1,-7.123175266666656e-05,0.777731922705416,10.918577671051025,0.0,46,top2mid
432,-1,-7.658290650000218e-05,0.7801773025971133,11.220595359802246,0.0,46,top2mid
433,-1,-0.00010202281816666658,0.7824504198930704,11.500591278076172,0.0,46,top2mid
434,-1,-6.215233591666189e-05,0.7843041152167917,11.780521631240845,0.0,46,top2mid
435,-1,-8.013572175000205e-05,0.786408714756047,12.082481861114502,0.0,46,top2mid
436,-1,-7.807421166666773e-05,0.7886181697883612,12.36224627494812,0.0,46,top2mid
437,-1,-4.298467833333333e-05,0.7907414935228056,12.642419576644897,0.0,46,top2mid
438,-1,-7.145106224999698e-05,0.7924304159288629,12.944401502609253,0.0,46,top2mid
439,-1,-8.94783100000053e-05,0.7944488841702485,13.224348068237305,0.0,46,top2mid
440,-1,-7.245988633333353e-05,0.7958981368778852,13.504433631896973,0.0,46,top2mid
441,-1,-5.645028675000177e-05,0.79776306671872,13.806283235549927,0.0,46,top2mid
442,-1,-6.671397524999831e-05,0.7990325671525413,14.08637285232544,0.0,46,top2mid
443,-1,-6.658238950000422e-05,0.8004144127574971,14.36640214920044,0.0,46,top2mid
444,-1,-3.276485174999802e-05,0.8019572864410793,14.668270349502563,0.0,46,top2mid
445,-1,-5.109913291666268e-05,0.8032118075187494,14.948216915130615,0.0,46,top2mid
446,-1,-7.276691975000374e-05,0.804492542469684,15.228143215179443,0.0,46,top2mid
447,-1,-6.789824700000058e-05,0.8057920016158078,15.530304193496704,0.0,46,top2mid
448,-1,-5.750297274999955e-05,0.8077280833983614,15.810175657272339,0.0,46,top2mid
449,-1,-5.794159191666731e-05,0.8086380792845519,16.09012794494629,0.0,46,top2mid
450,-1,-2.6448735749997482e-05,0.8098963452012596,16.392211198806763,0.0,46,top2mid
451,-1,-5.8774968333338146e-05,0.8115028811484848,16.672219276428223,0.0,46,top2mid
452,-1,-7.224057674999965e-05,0.8129184303047812,16.95211172103882,0.0,46,top2mid
453,-1,-6.000310200000164e-05,0.8143002759097371,17.254120588302612,0.0,46,top2mid
454,-1,-6.947727600000245e-05,0.8156147144120122,17.534077405929565,0.0,46,top2mid
455,-1,-8.215336991666475e-05,0.8170302635683085,17.814085960388184,0.0,46,top2mid
456,-1,-5.1318442499996564e-05,0.8184944956320964,18.116068840026855,0.0,46,top2mid
457,-1,-8.08375124166684e-05,0.819861361880901,18.395976066589355,0.0,46,top2mid
458,-1,-6.342433150000396e-05,0.8208050613184319,18.675986528396606,0.0,46,top2mid
459,-1,-6.631921800000218e-05,0.8219697062591939,18.977949619293213,0.0,46,top2mid
460,-1,-4.640590783333565e-05,0.8231980134635997,19.257986545562744,0.0,46,top2mid
461,-1,-6.574901308333686e-05,0.8241754164524707,19.538039445877075,0.0,46,top2mid
462,-1,-3.592290974999829e-05,0.8250854123386612,19.839780807495117,0.0,46,top2mid
463,-1,-5.7195939333336276e-05,0.8263324437382558,20.119918823242188,0.0,46,top2mid
464,-1,-7.566180624999849e-05,0.8271076254190846,20.39992356300354,0.0,46,top2mid
465,-1,-8.210950800000005e-05,0.8284108294042463,20.701866626739502,0.0,46,top2mid
466,-1,-5.7371386999998525e-05,0.8295005775642521,20.98195719718933,0.0,46,top2mid
467,-1,-0.00012882244924999897,0.8301746485910597,21.261842966079712,0.0,46,top2mid
468,-1,-5.72398012499975e-05,0.8313467832098977,21.56380319595337,0.0,46,top2mid
469,-1,-7.23283005833325e-05,0.8322979723255045,21.843785524368286,0.0,46,top2mid
470,-1,-9.048713408333492e-05,0.8328372291469506,22.123756885528564,0.0,46,top2mid
471,-1,-4.5397083750002565e-05,0.8335337692079853,22.4257652759552,0.0,46,top2mid
472,-1,-6.868776150000325e-05,0.8349605528813949,22.705670833587646,0.0,46,top2mid
473,-1,-5.4915119666668066e-05,0.8359042523189257,22.985685348510742,0.0,46,top2mid
474,-1,-6.631921800000218e-05,0.836649475287452,23.287554264068604,0.0,46,top2mid
475,-1,-0.00010768100541667242,0.837926465399349,23.56778597831726,0.0,46,top2mid
476,-1,-5.732752508333383e-05,0.8384994257721358,23.847655773162842,0.0,46,top2mid
477,-1,-6.868776149999978e-05,0.8395255116684984,24.149571895599365,0.0,46,top2mid
478,-1,-6.583673691666972e-05,0.8404205281985375,24.429639101028442,0.0,46,top2mid
479,-1,-6.009082583333797e-05,0.8414990418414302,24.70961332321167,0.0,46,top2mid
480,-1,-4.85551417500063e-05,0.841922208652704,25.011474609375,0.0,46,top2mid
481,-1,-6.824914233333201e-05,0.843049405203088,25.291604042053223,0.0,46,top2mid
482,-1,-5.0660513750001857e-05,0.8443638437053632,25.571492433547974,0.0,46,top2mid
483,-1,-6.118737375000044e-05,0.844618492759935,25.87341046333313,0.0,46,top2mid
484,-1,-9.645235475000055e-05,0.8454086537969154,26.15342426300049,0.0,46,top2mid
485,-1,-6.667011333334055e-05,0.8459816141697019,26.43342924118042,0.0,46,top2mid
486,-1,-5.368698600000457e-05,0.8464759329226941,26.735384464263916,0.0,46,top2mid
487,-1,-8.219723183333638e-05,0.8474645704286788,27.0153706073761,0.0,46,top2mid
488,-1,-6.943341408334122e-05,0.8483408627635289,27.29536747932434,0.0,46,top2mid
489,-1,-7.026679050000165e-05,0.8495017628652533,27.597360610961914,0.0,46,top2mid
490,-1,-6.281026466666353e-05,0.8501271509845694,27.877354621887207,0.0,46,top2mid
491,-1,-6.969658558332939e-05,0.8511382575247813,28.15733790397644,0.0,46,top2mid
492,-1,-8.960989575000286e-05,0.8512992856034076,28.45934534072876,0.0,46,top2mid
493,-1,-8.390784658333234e-05,0.8522504747190142,28.73902440071106,0.0,46,top2mid
494,-1,-6.364364108333437e-05,0.8530930635025237,29.019294261932373,0.0,46,top2mid
495,-1,-6.276640275000231e-05,0.8535761477384027,29.321194410324097,0.0,46,top2mid
496,-1,-4.4695293083332754e-05,0.8541378735940759,29.601183891296387,0.0,46,top2mid
497,-1,-8.741679991666751e-05,0.8546097233128414,29.881240367889404,0.0,46,top2mid
498,-1,-7.697766374999832e-05,0.8552238769150439,30.183114051818848,0.0,46,top2mid
499,-1,-0.00018430777383333236,0.437460868372858,0.295391321182251,0.0,35,mid2bot
500,-1,-0.0001293487922499996,0.21191670280298103,0.5827205181121826,0.0,29,mid2bot
501,-1,-0.0001748774617499997,0.14685012452084295,0.8770513534545898,0.0,24,mid2bot
502,-1,-7.24160244166619e-05,0.10686273327499143,1.1571862697601318,0.0,19,mid2bot
503,-1,-4.995872308332858e-05,0.05388075056790137,1.4372272491455078,0.0,13,mid2bot
504,-1,-3.315960900000456e-05,0.016320015018557777,1.7388365268707275,0.0,6,mid2bot
505,-1,-6.022241158333205e-05,-0.0036512115701410556,2.0193114280700684,0.0,1,mid2bot
506,-1,-6.017854966666736e-05,-0.014368940896384463,2.2992279529571533,0.0,0,mid2bot
507,-1,-4.4212812000000296e-05,-0.010013693095398764,2.6010162830352783,0.0,0,mid2bot
508,-1,-8.215336991666822e-05,-0.008100080347072297,2.8809053897857666,0.0,0,mid2bot
509,-1,-3.7063319583328924e-05,-0.006280088574691339,3.1611409187316895,0.0,0,mid2bot
510,-1,-6.868776150000325e-05,-0.004860794579357202,3.4631905555725098,0.0,0,mid2bot
511,-1,-8.767997141666609e-05,-0.003550100916119901,3.743056535720825,0.0,0,mid2bot
512,-1,-4.715156041666321e-05,-0.0020334411058024237,4.023050308227539,0.0,0,mid2bot
513,-1,-8.368853699999845e-05,-0.0011159555415363148,4.325072288513184,0.0,0,mid2bot
514,-1,-8.294288441666395e-05,-0.0002808564361022521,4.605038404464722,0.0,0,mid2bot
515,-1,-4.671294124999892e-05,0.0008313607581305541,4.885041952133179,0.0,0,mid2bot
516,-1,-6.434543174999724e-05,0.001969791825628081,5.187100887298584,0.0,0,mid2bot
517,-1,-6.184530249999862e-05,0.002651352530511513,5.467076301574707,0.0,0,mid2bot
518,-1,-7.688993991666893e-05,0.0031906093519577234,5.747052907943726,0.0,0,mid2bot
519,-1,-5.44765005000003e-05,0.004306571385228362,6.048923492431641,0.0,0,mid2bot
520,-1,-5.3511538333331915e-05,0.004943194021657895,6.328981399536133,0.0,0,mid2bot
521,-1,-5.868724449999835e-05,0.005313933086402164,6.609042167663574,0.0,0,mid2bot
522,-1,-6.987203324999858e-05,0.006283846397197783,6.9109320640563965,0.0,0,mid2bot
523,-1,-6.88193472500008e-05,0.006662075140017681,7.190824270248413,0.0,0,mid2bot
524,-1,-7.636359691667177e-05,0.006965407102081181,7.470922231674194,0.0,0,mid2bot
525,-1,-8.368853699999845e-05,0.007272483903182477,7.772769212722778,0.0,0,mid2bot
526,-1,-5.017803266666593e-05,0.007740588782910103,8.052597284317017,0.0,0,mid2bot
527,-1,-7.776717825000098e-05,0.007976513642292833,8.332769632339478,0.0,0,mid2bot
528,-1,-6.829300424999671e-05,0.008291080121469794,8.63472056388855,0.0,0,mid2bot
529,-1,-5.702049166666709e-05,0.008819102425802524,8.91471266746521,0.0,0,mid2bot
530,-1,-7.329326274999742e-05,0.00932465569590835,9.194708585739136,0.0,0,mid2bot
531,-1,-4.1844268499999226e-05,0.009489428613572477,9.496713876724243,0.0,0,mid2bot
532,-1,-6.105578800000289e-05,0.010066133825396888,9.776648998260498,0.0,0,mid2bot
533,-1,-3.245781833333475e-05,0.01023465158209883,10.05668330192566,0.0,0,mid2bot
534,-1,-6.947727599999898e-05,0.010657818393372574,10.358556747436523,0.0,0,mid2bot
535,-1,-3.0440170166668584e-05,0.011414275879012406,10.638643264770508,0.0,0,mid2bot
536,-1,-6.741576591666465e-05,0.012020939803139386,10.918612003326416,0.0,0,mid2bot
537,-1,-2.0527377000000013e-05,0.012035919159290663,11.220498085021973,0.0,0,mid2bot
538,-1,-5.29413334166666e-05,0.012593900175925982,11.500495672225952,0.0,0,mid2bot
539,-1,-4.794107491666588e-05,0.012930935689329865,11.780517101287842,0.0,0,mid2bot
540,-1,-4.7765627250000164e-05,0.013264226363695935,12.082421779632568,0.0,0,mid2bot
541,-1,-6.162599291666473e-05,0.013436488959435708,12.362340688705444,0.0,0,mid2bot
542,-1,-7.59688396666687e-05,0.013470192510776077,12.64250922203064,0.0,0,mid2bot
543,-1,-6.434543175000071e-05,0.013953276746654995,12.944378852844238,0.0,0,mid2bot
544,-1,-4.5309359916669706e-05,0.014211670640264613,13.224433183670044,0.0,0,mid2bot
545,-1,-6.412612216666683e-05,0.014312781294285785,13.504442930221558,0.0,0,mid2bot
546,-1,-9.395222549999846e-05,0.015211542663362804,13.806310653686523,0.0,0,mid2bot
547,-1,-6.149440716666024e-05,0.01518907362913588,14.086376428604126,0.0,0,mid2bot
548,-1,-6.17137167499976e-05,0.015290184283157017,14.366333246231079,0.0,0,mid2bot
549,-1,-7.105630499999738e-05,0.01572084077250646,14.668370246887207,0.0,0,mid2bot
550,-1,-4.8160384499999764e-05,0.0156609233479013,14.948312520980835,0.0,0,mid2bot
551,-1,-5.8774968333334676e-05,0.0162338837206879,15.228270053863525,0.0,0,mid2bot
552,-1,-7.105630500000085e-05,0.01658964342928089,15.530231237411499,0.0,0,mid2bot
553,-1,-7.465298216666541e-05,0.01694165829883605,15.81024694442749,0.0,0,mid2bot
554,-1,-4.0133653749999804e-05,0.017076472504197627,16.090214252471924,0.0,0,mid2bot
555,-1,-0.00010382115675000234,0.017278693812239936,16.39228105545044,0.0,0,mid2bot
556,-1,-8.860107166666631e-05,0.017346100914920722,16.672210216522217,0.0,0,mid2bot
557,-1,-0.00012145364724999719,0.017817950633686127,16.952335119247437,0.0,0,mid2bot
558,-1,-7.658290649999872e-05,0.017608239647568174,17.254190921783447,0.0,0,mid2bot
559,-1,-7.95655168333298e-05,0.017919061287707302,17.534090995788574,0.0,0,mid2bot
560,-1,-6.0529444999995324e-05,0.018626835865855455,17.814085721969604,0.0,0,mid2bot
561,-1,-3.118582274999962e-05,0.018686753290460576,18.115996837615967,0.0,0,mid2bot
562,-1,-6.2810264666667e-05,0.018727946519876627,18.396135091781616,0.0,0,mid2bot
563,-1,-5.333609066666273e-05,0.01953683175204595,18.67608094215393,0.0,0,mid2bot
564,-1,-8.092523625000125e-05,0.01943572109802478,18.97787117958069,0.0,0,mid2bot
565,-1,-7.789876400000201e-05,0.01973905306008826,19.257967710494995,0.0,0,mid2bot
566,-1,-9.430312083336112e-06,0.019907570816790184,19.53801965713501,0.0,0,mid2bot
567,-1,-6.158213100000004e-05,0.0200648540563787,19.83988332748413,0.0,0,mid2bot
568,-1,-3.408070925000478e-05,0.020109792124832528,20.120375394821167,0.0,0,mid2bot
569,-1,-6.811755658333099e-05,0.020649048946278756,20.399934768676758,0.0,0,mid2bot
570,-1,-6.395067450000111e-05,0.02111340898696855,20.701849699020386,0.0,0,mid2bot
571,-1,-4.2721506833331285e-05,0.02118830576772495,20.981862783432007,0.0,0,mid2bot
572,-1,-3.0133136750001843e-05,0.021559044832469218,21.261832237243652,0.0,0,mid2bot
573,-1,-4.8555141749999364e-05,0.02126320254848135,21.563761949539185,0.0,0,mid2bot
574,-1,-7.88637261666704e-05,0.02166015548649039,21.843825101852417,0.0,0,mid2bot
575,-1,-4.5002326499999495e-05,0.021896080345873085,22.12381935119629,0.0,0,mid2bot
576,-1,-6.039785925000124e-05,0.021802459369927578,22.425764799118042,0.0,0,mid2bot
577,-1,-0.00011162857791666495,0.022132005205255816,22.705750226974487,0.0,0,mid2bot
578,-1,-4.754631766666975e-05,0.02196348744855389,22.9953134059906,0.0,0,mid2bot
579,-1,-1.5790289999997875e-05,0.022102046492953244,23.28765845298767,0.0,0,mid2bot
580,-1,-7.403891533333193e-05,0.022334226513298142,23.567583799362183,0.0,0,mid2bot
581,-1,-1.4342846749997029e-05,0.021997190999894275,23.847740650177002,0.0,0,mid2bot
582,-1,-7.224057674999965e-05,0.022072087780650656,24.149587154388428,0.0,0,mid2bot
583,-1,-4.6274322083334624e-05,0.02226681941061737,24.42962956428528,0.0,0,mid2bot
584,-1,-6.237164549999924e-05,0.022704965578042427,24.709641695022583,0.0,0,mid2bot
585,-1,-7.895144999999631e-05,0.022701220739004595,25.011652946472168,0.0,0,mid2bot
586,-1,-6.76789374166667e-05,0.02324422239948862,25.291537523269653,0.0,0,mid2bot
587,-1,-7.662676841666688e-05,0.022873483334744333,25.57163381576538,0.0,0,mid2bot
588,-1,-7.539863474999645e-05,0.023599982108081577,25.87343978881836,0.0,0,mid2bot
589,-1,-5.4608086250001325e-05,0.02344644370753093,26.153371572494507,0.0,0,mid2bot
590,-1,-8.653956158333545e-05,0.023985700528977156,26.433483362197876,0.0,0,mid2bot
591,-1,-6.316115999999844e-05,0.024259073778738087,26.735543966293335,0.0,0,mid2bot
592,-1,-4.5309359916666236e-05,0.02476088220980608,27.015483617782593,0.0,0,mid2bot
593,-1,6.096806416666656e-06,0.02459236445310414,27.295443534851074,0.0,0,mid2bot
594,-1,-7.184581950000005e-05,0.025038000298604823,27.597479581832886,0.0,0,mid2bot
595,-1,-4.2326749583335155e-05,0.02489569641516762,27.87719225883484,0.0,0,mid2bot
596,-1,-5.4783533916663574e-05,0.024861992863827252,28.157373428344727,0.0,0,mid2bot
597,-1,-8.645183774999912e-05,0.025097917723209948,28.459397315979004,0.0,0,mid2bot
598,-1,-5.377470983333049e-05,0.02550236033929462,28.739267587661743,0.0,0,mid2bot
599,-1,-6.759121358333384e-05,0.025974210058060058,29.019208192825317,0.0,0,mid2bot
600,-1,-6.829300425000018e-05,0.025757009393866454,29.321289777755737,0.0,0,mid2bot
601,-1,-9.215388691666618e-05,0.02637865267414473,29.601351499557495,0.0,0,mid2bot
602,-1,-6.631921799999871e-05,0.02627754202012354,29.881279468536377,0.0,0,mid2bot
603,-1,-5.28974715000019e-05,0.02659585333833835,30.18322229385376,0.0,0,mid2bot
604,-1,-0.0001290856207500045,0.09590907908936527,0.29526853561401367,0.0,11,bot2top
605,-1,-9.443470658333439e-05,0.19108790807462123,0.5750160217285156,0.0,16,bot2top
606,-1,-0.00014803396874999916,0.3367584018068162,0.8769717216491699,0.0,22,bot2top
607,-1,-9.934724124999877e-05,0.5451774184567382,1.167684555053711,0.0,28,bot2top
608,-1,-3.513339524999562e-05,0.8043914318156631,1.4663410186767578,0.0,36,bot2top
609,-1,-5.526601500000297e-05,1.316707881223789,1.7665283679962158,0.0,45,bot2top
610,-1,-5.416946708333356e-05,1.8405060071218728,2.0342307090759277,0.0,50,bot2top
611,-1,-4.7984936833334046e-05,2.352766283944431,2.343620777130127,0.0,59,bot2top
612,-1,-0.00013816503749999876,2.9967924671517556,2.6334972381591797,0.0,64,bot2top
613,-1,-6.210847400000066e-05,3.730567462739496,2.909175157546997,0.0,70,bot2top
614,-1,-9.847000291666672e-05,4.359071288135053,3.2168424129486084,0.0,76,bot2top
615,-1,-0.00015829765724999917,5.021791707819178,3.491330862045288,0.0,81,bot2top
616,-1,-0.00015176223166666822,5.824333182658424,3.789262056350708,0.0,87,bot2top
617,-1,-0.00011447960250000194,6.4979997668501,4.07123327255249,0.0,91,bot2top
618,-1,-0.0001646137732499997,6.976567726849385,4.324856519699097,0.0,92,bot2top
619,-1,-0.00014641107783333607,6.839113409966168,4.605022430419922,0.0,92,bot2top
620,-1,-0.0001592187574999994,6.74629382957474,4.884967803955078,0.0,92,bot2top
621,-1,-0.0001559291137499981,6.67823886974042,5.186875820159912,0.0,92,bot2top
622,-1,-0.0001823339875833309,6.621590689615303,5.46692156791687,0.0,92,bot2top
623,-1,-0.00012079571849999901,6.579056807823732,5.7470221519470215,0.0,92,bot2top
624,-1,-0.00017843027699999958,6.537882302602893,6.048917770385742,0.0,92,bot2top
625,-1,-0.0001865447315833324,6.504100109642709,6.328991889953613,0.0,92,bot2top
626,-1,-0.00013491925566666563,6.474542095117191,6.608900308609009,0.0,92,bot2top
627,-1,-0.00015277105574999783,6.448096041832099,6.910870790481567,0.0,92,bot2top
628,-1,-0.00017978999641666757,6.423818250349906,7.190715312957764,0.0,92,bot2top
629,-1,-0.00014689355891666506,6.401270574503187,7.470799684524536,0.0,92,bot2top
630,-1,-0.00012316426200000008,6.379910012631456,7.772710084915161,0.0,92,bot2top
631,-1,-0.00015790289999999957,6.3619722336402935,8.052759647369385,0.0,92,bot2top
632,-1,-0.00015478870391666746,6.343907130121846,8.332856893539429,0.0,92,bot2top
633,-1,-0.00011921668950000061,6.326463669883676,8.634732723236084,0.0,92,bot2top
634,-1,-0.0001458847348333285,6.312023570553839,8.91465973854065,0.0,92,bot2top
635,-1,-0.0001452706679999985,6.297025490207366,9.194716215133667,0.0,92,bot2top
636,-1,-0.0001519815412500021,6.282454321511205,9.496580600738525,0.0,92,bot2top
637,-1,-0.0001535605702500005,6.27046709175114,9.776707172393799,0.0,92,bot2top
638,-1,-0.00015189381741666577,6.258569738127983,10.056605100631714,0.0,92,bot2top
639,-1,-0.00010184737050000087,6.245305518256021,10.358629941940308,0.0,92,bot2top
640,-1,-0.0001525956080833321,6.235415398357136,10.638559818267822,0.0,92,bot2top
641,-1,-0.00014452501541666746,6.223922487350064,10.918630838394165,0.0,92,bot2top
642,-1,-0.0001132953307499962,6.21342944836609,11.220541954040527,0.0,92,bot2top
643,-1,-0.00015206926508333496,6.203632949443151,11.500539541244507,0.0,92,bot2top
644,-1,-0.00014509522033333278,6.19490372964599,11.780511856079102,0.0,92,bot2top
645,-1,-0.0001444811534999993,6.185418052363189,12.082448959350586,0.0,92,bot2top
646,-1,-0.0001646576351666644,6.1774789936030094,12.362449884414673,0.0,92,bot2top
647,-1,-0.00013961248074999613,6.168513848946466,12.642478227615356,0.0,92,bot2top
648,-1,-0.00014053358099999635,6.161121536685808,12.94437837600708,0.0,92,bot2top
649,-1,-0.00013834048516666794,6.152403551405762,13.224416971206665,0.0,92,bot2top
650,-1,-0.00018014089174999554,6.145123584316237,13.504541158676147,0.0,92,bot2top
651,-1,-0.0001618504725000025,6.137663864952898,13.806358337402344,0.0,92,bot2top
652,-1,-0.0001592187574999994,6.131642163780081,14.086344718933105,0.0,92,bot2top
653,-1,-0.00017364932808332928,6.123991457625813,14.36642837524414,0.0,92,bot2top
654,-1,-0.00013579649400000116,6.117112188313337,14.668312311172485,0.0,92,bot2top
655,-1,-0.00013158574999999964,6.109229302138723,14.94809627532959,0.0,92,bot2top
656,-1,-0.00012281336666666517,6.106128575415408,15.228286266326904,0.0,92,bot2top
657,-1,-0.00012434853374999888,6.099496465479428,15.530249118804932,0.0,92,bot2top
658,-1,-0.00014509522033333624,6.093422336560081,15.810174703598022,0.0,92,bot2top
659,-1,-0.00017720214333333262,6.088299396756343,16.090225219726562,0.0,92,bot2top
660,-1,-0.00015079726949999983,6.08259975174078,16.39212417602539,0.0,92,bot2top
661,-1,-0.00015654318058333158,6.076570560889888,16.6721134185791,0.0,92,bot2top
662,-1,-0.00016035916733334044,6.0720205814589345,16.952216386795044,0.0,92,bot2top
663,-1,-0.0001476392114999961,6.0669613039188395,17.254047393798828,0.0,92,bot2top
664,-1,-0.00014535839183333135,6.061673591197435,17.53423833847046,0.0,92,bot2top
665,-1,-0.00012351515733333152,6.057528054382568,17.814132690429688,0.0,92,bot2top
666,-1,-0.0001464549397499973,6.052760874287423,18.115867376327515,0.0,92,bot2top
667,-1,-0.00017114919883333413,6.047383285429111,18.395983457565308,0.0,92,bot2top
668,-1,-0.00014588473483333197,6.043035527306201,18.676044940948486,0.0,92,bot2top
669,-1,-0.000202510469249996,6.03802118783456,18.977925300598145,0.0,92,bot2top
670,-1,-0.0001606662007500037,6.033935568444297,19.257935285568237,0.0,92,bot2top
671,-1,-0.00015772745233333385,6.030261881348195,19.538036346435547,0.0,92,bot2top
672,-1,-0.00013816503749999876,6.024869313133732,19.83997082710266,0.0,92,bot2top
673,-1,-0.00016044689116666289,6.021532661551034,20.11986517906189,0.0,92,bot2top
674,-1,-0.00017663193841667077,6.017791567352251,20.399871826171875,0.0,92,bot2top
675,-1,-0.00012948037800000062,6.013365167609545,20.70186686515808,0.0,92,bot2top
676,-1,-0.0001300944448333341,6.008792719144368,20.98167586326599,0.0,92,bot2top
677,-1,-0.00014417412008333602,6.004984217842903,21.261837005615234,0.0,92,bot2top
678,-1,-0.00015237629849999823,6.000393045182535,21.563634157180786,0.0,92,bot2top
679,-1,-0.0001906677517499976,5.995715741224298,21.843813180923462,0.0,92,bot2top
680,-1,-0.00014597245866666483,5.993659824592532,22.12377119064331,0.0,92,bot2top
681,-1,-0.00011684814599999954,5.9893981977674935,22.425649881362915,0.0,92,bot2top
682,-1,-0.0001369369038333318,5.985469861616818,22.70541787147522,0.0,92,bot2top
683,-1,-0.0001553150469166681,5.982065802931438,22.985708475112915,0.0,92,bot2top
684,-1,-0.00015198154124999863,5.978822772324686,23.287586450576782,0.0,92,bot2top
685,-1,-0.0001893957561666694,5.97522398200934,23.567551374435425,0.0,92,bot2top
686,-1,-0.0001614557152500029,5.972325476594067,23.847617149353027,0.0,92,bot2top
687,-1,-0.00012276950475000048,5.968606851429511,24.149531841278076,0.0,92,bot2top
688,-1,-0.00014702514466666608,5.966764390622903,24.429726600646973,0.0,92,bot2top
689,-1,-0.00014391094858333398,5.963731071002268,24.709669589996338,0.0,92,bot2top
690,-1,-9.908406975000367e-05,5.960098577135581,25.011464834213257,0.0,92,bot2top
691,-1,-0.00014886734516667,5.957091471388212,25.291483879089355,0.0,92,bot2top
692,-1,-0.00012632231999999688,5.955406293821193,25.571481466293335,0.0,92,bot2top
693,-1,-0.0001440863962499997,5.951170880869416,25.873403787612915,0.0,92,bot2top
694,-1,-0.00012566439125000217,5.948901508412498,26.153581142425537,0.0,92,bot2top
695,-1,-0.00013377884583332805,5.9469129988834135,26.43347406387329,0.0,92,bot2top
696,-1,-0.0001330331932500005,5.943231822109237,26.735381364822388,0.0,92,bot2top
697,-1,-0.00011360236416666641,5.9416889484256545,27.01532483100891,0.0,92,bot2top
698,-1,-0.000147507625750002,5.939262292729146,27.295571088790894,0.0,92,bot2top
699,-1,-0.00021474794399999747,5.934244208418468,27.59730625152588,0.0,92,bot2top
700,-1,-0.0001459724586666683,5.933869724514684,27.877460956573486,0.0,92,bot2top
701,-1,-0.00016851748383333448,5.930634183586006,28.157216787338257,0.0,92,bot2top
702,-1,-0.00018316736399999825,5.927922920122624,28.459267139434814,0.0,92,bot2top
703,-1,-0.00011645338874999647,5.926387536117118,28.739339590072632,0.0,92,bot2top
704,-1,-0.00015268333191666497,5.923590141355866,29.019306182861328,0.0,92,bot2top
705,-1,-0.0001436916390000001,5.9204632007592854,29.32120180130005,0.0,92,bot2top
706,-1,-0.00010671604324999709,5.919478308092338,29.601239681243896,0.0,92,bot2top
707,-1,-0.00014610404441666933,5.9170516523958305,29.881244659423828,0.0,92,bot2top
708,-1,-0.00014763921150000303,5.913303068518971,30.183228492736816,0.0,92,bot2top
709,-1,0.0077053106246666656,4.5575177984272575,0.29540061950683594,0.0,81,top2bot
710,-1,-7.60127015833334e-05,3.0418353910986653,0.6220107078552246,0.0,76,top2bot
711,-1,-0.00012434853374999888,2.4989086273953918,0.8951904773712158,0.0,71,top2bot
712,-1,-1.8685176499996098e-05,1.9630184162441833,1.2221951484680176,0.0,66,top2bot
713,-1,-9.083802941666635e-05,1.4017194722213606,1.532752275466919,0.0,58,top2bot
714,-1,-9.474174000000807e-06,0.956604159346931,1.8019530773162842,0.0,53,top2bot
715,-1,-5.566077224999563e-05,0.7284573306457686,2.0699400901794434,0.0,49,top2bot
716,-1,-5.662573441666749e-05,0.5315274801638811,2.354487895965576,0.0,43,top2bot
717,-1,-5.60555294999987e-05,0.34934106097389445,2.6746673583984375,0.0,35,top2bot
718,-1,-5.9959240083336945e-05,0.23244216556927738,2.9597699642181396,0.0,31,top2bot
719,-1,-0.00019689614391666874,0.15758657804227547,3.275134325027466,0.0,22,top2bot
720,-1,-2.1316891499999213e-05,0.08873022265386264,3.5793612003326416,0.0,15,top2bot
721,-1,-9.785593608333323e-05,0.04157895432865973,3.8754005432128906,0.0,9,top2bot
722,-1,-0.00010996182508333369,0.013571303164797231,4.161107301712036,0.0,5,top2bot
723,-1,-7.579339199999952e-05,-0.005100464277777746,4.436683654785156,0.0,0,top2bot
724,-1,-3.78089721666669e-05,-0.01770559247908289,4.6781933307647705,0.0,0,top2bot
725,-1,-2.3992468416667023e-05,-0.014941901269171068,4.943035840988159,0.0,0,top2bot
726,-1,-4.6581355499997895e-05,-0.011661422272039949,5.214321851730347,0.0,0,top2bot
727,-1,-7.057382391666839e-05,-0.009279704643985856,5.486726999282837,0.0,0,top2bot
728,-1,-5.276588575000088e-05,-0.006853048947477917,5.751758098602295,0.0,0,top2bot
729,-1,-0.00013263843599999742,-0.0054000514008034125,6.048788785934448,0.0,0,top2bot
730,-1,-6.048558308333063e-05,-0.0035163973647794984,6.3325207233428955,0.0,0,top2bot
731,-1,-6.40383983333305e-05,-0.002808622786631346,6.609234809875488,0.0,0,top2bot
732,-1,-3.394912350000029e-05,-0.001954799486008192,6.910766839981079,0.0,0,top2bot
733,-1,-4.9169208583332846e-05,-0.0006178919495061359,7.190783262252808,0.0,0,top2bot
734,-1,-7.605656349999809e-05,8.988262864201665e-05,7.470745801925659,0.0,0,top2bot
735,-1,-5.01341707500047e-05,0.0011009891688536508,7.772745370864868,0.0,0,top2bot
736,-1,-4.5704117166669306e-05,0.0016739495416402462,8.052706241607666,0.0,0,top2bot
737,-1,-6.474018900000031e-05,0.002550241876490358,8.332690477371216,0.0,0,top2bot
738,-1,-3.789669599999629e-05,0.0035875622899667475,8.634647846221924,0.0,0,top2bot
739,-1,-4.254605916666557e-05,0.003561348416701992,8.914632797241211,0.0,0,top2bot
740,-1,-7.706538758333117e-05,0.004235419443509743,9.194634914398193,0.0,0,top2bot
741,-1,-3.592290974999829e-05,0.0050555391927925115,9.496637105941772,0.0,0,top2bot
742,-1,-6.311729808333721e-05,0.005347636637742549,9.77668023109436,0.0,0,top2bot
743,-1,-4.355488324999865e-05,0.005684672151146432,10.056699514389038,0.0,0,top2bot
744,-1,-7.737242099999792e-05,0.006733227081736267,10.358574867248535,0.0,0,top2bot
745,-1,-8.232881758333047e-05,0.0074709603721870065,10.638524770736694,0.0,0,top2bot
746,-1,-0.00013772641833333446,0.007740588782910103,10.918526649475098,0.0,0,top2bot
747,-1,-6.908251874999938e-05,0.008380956258377469,11.220226049423218,0.0,0,top2bot
748,-1,-4.912534666666815e-05,0.008886509528483294,11.500454425811768,0.0,0,top2bot
749,-1,-5.864338258333365e-05,0.009459469901269908,11.780560970306396,0.0,0,top2bot
750,-1,-3.631766699999789e-05,0.009729098311993003,12.082373142242432,0.0,0,top2bot
751,-1,-0.00010482998083333195,0.010436872890141157,12.362395763397217,0.0,0,top2bot
752,-1,-6.544197966666665e-05,0.01084131550622581,12.642386674880981,0.0,0,top2bot
753,-1,-6.631921799999524e-05,0.010508024831859758,12.944406032562256,0.0,0,top2bot
754,-1,-5.881883024999937e-05,0.01097612971158735,13.224361419677734,0.0,0,top2bot
755,-1,-7.605656349999809e-05,0.01181871849509706,13.50433087348938,0.0,0,top2bot
756,-1,-6.434543174999724e-05,0.011496662337844486,13.806348323822021,0.0,0,top2bot
757,-1,-2.337840158333354e-05,0.01198723625179902,14.086294412612915,0.0,0,top2bot
758,-1,-5.364312408333294e-05,0.012189457559841346,14.366302251815796,0.0,0,top2bot
759,-1,-7.697766374999832e-05,0.01263509340534203,14.668224811553955,0.0,0,top2bot
760,-1,-4.899376091666713e-05,0.013335378305414536,14.94829249382019,0.0,0,top2bot
761,-1,-6.697714674999689e-05,0.01367241381881842,15.228267908096313,0.0,0,top2bot
762,-1,-9.474174000000113e-05,0.014103070308167829,15.53019118309021,0.0,0,top2bot
763,-1,-5.908200174999795e-05,0.014683520359030054,15.8101966381073,0.0,0,top2bot
764,-1,-6.754735166666914e-05,0.014885741667072398,16.090136766433716,0.0,0,top2bot
765,-1,-1.6974561749996675e-05,0.015301418800270479,16.392091035842896,0.0,0,top2bot
766,-1,-5.5090567333330315e-05,0.015829441104603246,16.67209005355835,0.0,0,top2bot
767,-1,-7.022292858333695e-05,0.016334994374709054,16.95212459564209,0.0,0,top2bot
768,-1,-5.48712577499999e-05,0.016409891155465487,17.25386953353882,0.0,0,top2bot
769,-1,-4.750245575000159e-05,0.017143879606878378,17.534022569656372,0.0,0,top2bot
770,-1,-0.00010640900983333035,0.017278693812239936,17.81406021118164,0.0,0,top2bot
771,-1,-6.158213100000004e-05,0.017518363510660478,18.11593794822693,0.0,0,top2bot
772,-1,-7.368801999999702e-05,0.017817950633686127,18.395960092544556,0.0,0,top2bot
773,-1,-3.899324391666917e-05,0.018424614557813128,18.676004886627197,0.0,0,top2bot
774,-1,-4.026523950000083e-05,0.01841712487973748,18.977959156036377,0.0,0,top2bot
775,-1,-9.794365991666609e-05,0.01889646427657855,19.257938385009766,0.0,0,top2bot
776,-1,-6.544197966666318e-05,0.019233499789982435,19.53794240951538,0.0,0,top2bot
777,-1,-1.8553590750002014e-05,0.019166092687301645,19.83983087539673,0.0,0,top2bot
778,-1,-0.00011417256908333173,0.019873867265449815,20.11988854408264,0.0,0,top2bot
779,-1,-7.631973500000014e-05,0.02004238502215176,20.399937868118286,0.0,0,top2bot
780,-1,-5.408174324999376e-05,0.020693987014732605,20.701796054840088,0.0,0,top2bot
781,-1,-5.2722023833332715e-05,0.020649048946278722,20.98189067840576,0.0,0,top2bot
782,-1,-5.6274839083336053e-05,0.021525341281128832,21.261771202087402,0.0,0,top2bot
783,-1,-6.513494624999991e-05,0.021113408986968514,21.618183374404907,0.0,0,top2bot
784,-1,-8.996079108333777e-05,0.0218623767945327,21.859781503677368,0.0,0,top2bot
785,-1,-5.6801182083336677e-05,0.021896080345873103,22.123711585998535,0.0,0,top2bot
786,-1,-6.671397525000178e-05,0.022401633615978928,22.425731420516968,0.0,0,top2bot
787,-1,-2.9519069916661422e-05,0.022873483334744333,22.70569133758545,0.0,0,top2bot
788,-1,-6.338046958333579e-05,0.022334226513298142,22.98565697669983,0.0,0,top2bot
789,-1,-8.803086675000099e-05,0.02282105558821486,23.287639141082764,0.0,0,top2bot
790,-1,-6.162599291666473e-05,0.022974593988765522,23.567622423171997,0.0,0,top2bot
791,-1,-6.259095508333312e-05,0.02317681529680783,23.847585439682007,0.0,0,top2bot
792,-1,-6.197688824999964e-05,0.023360312409661087,24.149564266204834,0.0,0,top2bot
793,-1,-9.952268891666796e-05,0.02378347922093483,24.429487228393555,0.0,0,top2bot
794,-1,-5.763455850000057e-05,0.023749775669594447,24.70959711074829,0.0,0,top2bot
795,-1,-5.60555294999987e-05,0.024079321504922684,25.01148748397827,0.0,0,top2bot
796,-1,-4.6976112750000965e-05,0.024423846696402195,25.29144048690796,0.0,0,top2bot
797,-1,-4.465143116666459e-05,0.024356439593721427,25.571460008621216,0.0,0,top2bot
798,-1,-8.605708050000299e-05,0.024738413175579156,25.873382568359375,0.0,0,top2bot
799,-1,-6.425770791666785e-05,0.02486199286382727,26.15345811843872,0.0,0,top2bot
800,-1,-4.680066508333178e-05,0.024828289312486866,26.4333975315094,0.0,0,top2bot
801,-1,-6.276640275000231e-05,0.025097917723209965,26.73540735244751,0.0,0,top2bot
802,-1,-6.890707108333366e-05,0.02536754613393306,27.015369176864624,0.0,0,top2bot
803,-1,-5.5090567333333784e-05,0.02590680295537929,27.295138120651245,0.0,0,top2bot
804,-1,-8.131999349999738e-05,0.02557725712005105,27.59731912612915,0.0,0,top2bot
805,-1,-6.881934724999733e-05,0.02553606389063502,27.87745952606201,0.0,0,top2bot
806,-1,-5.824862533333752e-05,0.025974210058060058,28.157339811325073,0.0,0,top2bot
807,-1,-7.342484850000192e-05,0.02638614235222036,28.459229707717896,0.0,0,top2bot
808,-1,-5.732752508333383e-05,0.02644605977682548,28.73921799659729,0.0,0,top2bot
809,-1,-4.180040658333106e-05,0.026344949122804308,29.019568920135498,0.0,0,top2bot
810,-1,-6.276640274999884e-05,0.026775605612153735,29.32114028930664,0.0,0,top2bot
811,-1,-5.2809747666669044e-05,0.026749391738888965,29.601166009902954,0.0,0,top2bot
812,-1,-6.118737375000044e-05,0.02698531659827169,29.881268739700317,0.0,0,top2bot
813,-1,-6.987203325000205e-05,0.026565894626035726,30.18318009376526,0.0,0,top2bot
