F,V,T1,T2,x,Status,F_set
0.7001126439685023,-8.009185983333389e-05,0.2794928550720215,0,0,drift,1.0
0.7003148652765446,-8.465349916666684e-05,0.6499896049499512,0,3,drift,1.0
0.9375803770348007,-8.724135224999832e-05,1.5037460327148438,0,10,drift,1.0
1.0429451682029296,-8.088137433332962e-05,1.847618818283081,0,11,drift,1.0
1.2773196642239883,-9.434698275000153e-05,2.202505350112915,0,12,drift,1.0
1.3834259335216055,-9.829455524999753e-05,2.502143621444702,0,12,drift,1.0
1.454229605209685,-0.00010154033708333413,2.7170989513397217,0,12,drift,1.0
1.5067060346466692,-9.526808299999828e-05,2.936354637145996,0,12,drift,1.0
1.5212959275380193,-0.00010461067125000154,3.1545908451080322,0,12,drift,1.0
1.5016505019456112,-9.81629694999965e-05,3.3638358116149902,0,12,drift,1.0
1.4906631442086447,-9.412767316666765e-05,3.577409029006958,0,12,drift,1.0
1.4796832761497538,-9.671552624999913e-05,3.7746505737304688,0,12,drift,1.0
1.468890650042754,-9.8294555250001e-05,3.9718034267425537,0,12,drift,1.0
1.46073439061838,-0.00010039992724999655,4.180806636810303,0,12,drift,1.0
1.4536191964465206,-0.00010421591399999847,4.386038780212402,0,12,drift,1.0
1.4483314837251173,-0.00010009289383333328,4.588974714279175,0,12,drift,1.0
1.4436466900888032,-9.149595816666453e-05,4.8689868450164795,0,12,drift,1.0
1.4393288906781958,-9.474173999999419e-05,5.170882225036621,0,12,drift,1.0
1.4359959839345353,-9.680325008333546e-05,5.450916767120361,0,12,drift,1.0
1.4326930359031773,-9.294340141666191e-05,5.730906248092651,0,12,drift,1.0
1.4294125569060463,-9.276795374999966e-05,6.03287148475647,0,12,drift,1.0
1.4264578789052056,-9.75050407500018e-05,6.312833547592163,0,12,drift,1.0
1.4240649267600378,-9.794365991666956e-05,6.592864513397217,0,12,drift,1.0
1.4212637871597478,-9.276795374999966e-05,6.894556045532227,0,12,drift,1.0
1.4187397656482568,-9.614532133333381e-05,7.17453408241272,0,12,drift,1.0
1.4169871809785564,-9.180299158333127e-05,7.484151601791382,0,12,drift,1.0
1.413774109084106,-9.197843924999699e-05,7.756438255310059,0,12,drift,1.0
1.4118305376234768,-9.943496508332816e-05,8.036800861358643,0,12,drift,1.0
1.410077952953777,-0.00010184737049999393,8.31644582748413,0,12,drift,1.0
1.4082317473081312,-9.789979799999793e-05,8.618967294692993,0,12,drift,1.0
1.406775004922419,-9.39083635833303e-05,8.898993253707886,0,12,drift,1.0
1.4050898273553996,-9.566284024999441e-05,9.178765296936035,0,12,drift,1.0
1.4035881469012335,-9.434698275000153e-05,9.480251550674438,0,12,drift,1.0
1.374198769967264,9.691448390399676e-05,57.37659740447998,74.6199860572815,12,up,1.0
1.3534896902532652,-9.342588249999784e-05,0.2851536273956299,0,12,drift,1.5
1.3536919115613077,-9.162754391666555e-05,0.6320021152496338,0,13,drift,1.5
1.5425066958482372,-0.00010500542849999767,0.9585890769958496,0,14,drift,1.5
1.635453600766952,-0.0001054440476666689,1.2692949771881104,0,15,drift,1.5
1.7094328959591039,-9.623304516666667e-05,1.5043315887451172,0,15,drift,1.5
1.6918209179642323,-0.00010105785599999473,1.7286255359649658,0,15,drift,1.5
1.6776167434937779,-0.0001018035085833327,2.008793354034424,0,15,drift,1.5
1.670134555096211,-9.689097391666485e-05,2.288789987564087,0,15,drift,1.5
1.6630305954414648,-9.86893125000006e-05,2.590696334838867,0,15,drift,1.5
1.657765351754289,-0.00010237371350000149,2.8705837726593018,0,15,drift,1.5
1.653181668771996,-0.00010175964666666454,3.1505861282348633,0,15,drift,1.5
1.6488002070977452,-9.711028349999873e-05,3.4526307582855225,0,15,drift,1.5
1.6445198560775163,-9.94349650833351e-05,3.73238205909729,0,15,drift,1.5
1.6413180187001795,-0.00010123330366666738,4.012266159057617,0,15,drift,1.5
1.6381349055180319,-9.553125450000033e-05,4.31453537940979,0,15,drift,1.5
1.6357906362803558,-0.00010171578474999984,4.594488143920898,0,15,drift,1.5
1.633296573481167,-8.895196700000121e-05,4.874486684799194,0,15,drift,1.5
1.6306152687300877,-0.00010579494299999687,5.176407337188721,0,15,drift,1.5
1.6288140011528955,-0.00010189123241666556,5.456499814987183,0,15,drift,1.5
1.6263873454563877,-0.0001050054284999942,5.7363951206207275,0,15,drift,1.5
1.624833237255692,-9.711028349999873e-05,6.0383381843566895,0,15,drift,1.5
1.622713658360285,-9.031168641666573e-05,6.318292617797852,0,15,drift,1.5
1.6209610736905848,-0.00010079468450000309,6.598432779312134,0,15,drift,1.5
1.619530545178137,-0.00010421591399999847,6.900285959243774,0,15,drift,1.5
1.5921766230754295,9.916933731599423e-05,83.59118008613586,100.8343186378479,15,up,1.5
1.5752927616243593,-0.00010114557983333453,0.28470873832702637,0,15,drift,2.0
1.6057270684847298,-0.00010447908550000051,0.6044204235076904,0,16,drift,2.0
1.7628230661213162,-9.750504074999833e-05,0.9165282249450684,0,17,drift,2.0
1.8504485547672873,-9.904020783333203e-05,1.22096586227417,0,18,drift,2.0
1.9448184985203736,-0.00010452294741666868,1.540921926498413,0,19,drift,2.0
1.996800609204366,-0.00011132154449999473,1.8564064502716064,0,20,drift,2.0
2.0776441943528434,-0.00010820734841666957,2.1752920150756836,0,21,drift,2.0
2.143096491055877,-0.00011026885850000043,2.4869132041931152,0,22,drift,2.0
2.223258515499471,-0.00010934775825000367,2.7200543880462646,0,22,drift,2.0
2.233961265469563,-0.00010833893416666018,2.927513599395752,0,22,drift,2.0
2.2120876606496513,-0.00010759328158332915,3.15041446685791,0,22,drift,2.0
2.197044642234725,-0.0001081634865000014,3.4524452686309814,0,22,drift,2.0
2.186102222566212,-0.00010969865358333164,3.7325613498687744,0,22,drift,2.0
2.177743741833796,-9.886476016666285e-05,4.0123255252838135,0,22,drift,2.0
2.1698421314639935,-0.00010816348649999794,4.314188480377197,0,22,drift,2.0
2.163015289898046,-0.00010364570908333315,4.599729537963867,0,22,drift,2.0
2.1573867968242015,-0.00011395325949999785,4.929696559906006,0,22,drift,2.0
2.1521365324931767,-0.00011487435975000154,5.176114797592163,0,22,drift,2.0
2.147376842076106,-0.00010671604324999709,5.456223964691162,0,22,drift,2.0
2.143770562082685,-0.00011079520149999758,5.736417293548584,0,22,drift,2.0
2.139374121052283,-0.0001089530010000006,6.038172721862793,0,22,drift,2.0
2.1359513381717146,-0.00010917231058333102,6.318169355392456,0,22,drift,2.0
2.133019129205101,-0.00010952320591666245,6.598209619522095,0,22,drift,2.0
2.129248076294015,-0.00010737397199999874,6.899977445602417,0,22,drift,2.0
2.1265817508990867,-0.00011004954891666308,7.180094480514526,0,22,drift,2.0
2.123649541932473,-0.0001065405955833279,7.459990501403809,0,22,drift,2.0
2.1207697607123888,-0.00010500542850000114,7.762020587921143,0,22,drift,2.0
2.118829934090798,-0.00010281233266666578,8.041739463806152,0,22,drift,2.0
2.116605499702332,-0.00010706693858332852,8.321955680847168,0,22,drift,2.0
2.113609628472075,-0.00011329533075000314,8.623963594436646,0,22,drift,2.0
2.1118870025146776,-0.00010926003441666388,8.90384817123413,0,22,drift,2.0
2.109595161023531,-0.00010741783391667037,9.183990001678467,0,22,drift,2.0
2.1075280098746543,-0.00010303164224999967,9.485909700393677,0,22,drift,2.0
2.1051125886952597,-0.00010193509433333373,9.765880107879639,0,22,drift,2.0
2.103494818230921,-0.00010930389633333204,10.045786380767822,0,22,drift,2.0
2.1017160196879563,-0.00010776872924999834,10.347687005996704,0,22,drift,2.0
2.100292980853584,-0.00010864596758333386,10.62786602973938,0,22,drift,2.0
2.09820336067048,-0.00010899686291666877,10.907695293426514,0,22,drift,2.0
2.096323451473494,-0.00010737397199999874,11.209610223770142,0,22,drift,2.0
2.095473373011908,-0.00011369008799999927,11.489639520645142,0,22,drift,2.0
2.062680896071354,0.00010618654219199733,113.48620104789734,130.72944617271423,22,up,2.0
2.0392895529274817,-0.00010899686291666877,0.28455424308776855,0,22,drift,2.5
2.0389862209654184,-0.00010004903191666858,0.6439752578735352,0,23,drift,2.5
2.2877296643745955,-0.00010974251549999633,0.9833893775939941,0,24,drift,2.5
2.4021419866581,-0.00011110223491666779,1.3073370456695557,0,25,drift,2.5
2.475548321477465,-0.00011386553566666499,1.6307971477508545,0,26,drift,2.5
2.5804262835706773,-0.00011408484524999887,1.9584228992462158,0,27,drift,2.5
2.6857573711874654,-0.00011934827525000163,2.2955338954925537,0,28,drift,2.5
2.7675895938419277,-0.00011566387425000074,2.5167503356933594,0,28,drift,2.5
2.8315402100907954,-0.00011921668950000408,2.737647533416748,0,28,drift,2.5
2.7947546562222803,-0.00011934827525000163,2.9576001167297363,0,28,drift,2.5
2.7759143710230036,-0.00012119047575000208,3.2023494243621826,0,28,drift,2.5
2.7610473600428547,-0.00011250581625000394,3.47019624710083,0,28,drift,2.5
2.7496256009775006,-0.000113383054583336,3.732246160507202,0,28,drift,2.5
2.740222310153533,-0.00011833945116666508,4.012405157089233,0,28,drift,2.5
2.7311785238771953,-0.00011408484524999887,4.314279794692993,0,28,drift,2.5
2.724179419715508,-0.00011776924624999976,4.594181299209595,0,28,drift,2.5
2.718180187576919,-0.00011553228849999972,4.874221563339233,0,28,drift,2.5
2.7117952370174336,-0.00011329533074999967,5.176228761672974,0,28,drift,2.5
2.7070243120832505,-0.00011697973175000057,5.456113338470459,0,28,drift,2.5
2.7023058148955963,-0.00011614635533333667,5.736255645751953,0,28,drift,2.5
2.6976846835229256,-0.00011645338874999994,6.038158416748047,0,28,drift,2.5
2.6941158519198813,-0.00011404098333333418,6.318033218383789,0,28,drift,2.5
2.689936611553674,-0.00011386553566666152,6.598180532455444,0,28,drift,2.5
2.686120620574134,-0.00011487435975000154,6.899994134902954,0,28,drift,2.5
2.6832296048369364,-0.00011632180299999892,7.179796934127808,0,28,drift,2.5
2.679252585778771,-0.00012373446691666887,7.460026979446411,0,28,drift,2.5
2.676234245514287,-0.00011447960250000194,7.762059450149536,0,28,drift,2.5
2.6732533536401815,-0.00011281284966666721,8.041817903518677,0,28,drift,2.5
2.6703211446735677,-0.00012158523299999821,8.321744203567505,0,28,drift,2.5
2.667036920837399,-0.00011882193225000101,8.623971939086914,0,28,drift,2.5
2.664962280010446,-0.00011715517941666975,8.903898000717163,0,28,drift,2.5
2.6614571106710456,-0.00011676042216666668,9.183882713317871,0,28,drift,2.5
2.659337531775639,-0.00011645338874999994,9.485725402832031,0,28,drift,2.5
2.6573115738561777,-0.00011531297891666584,9.765758514404297,0,28,drift,2.5
2.655390471429776,-0.000115356840833334,10.045746803283691,0,28,drift,2.5
2.6530761609044022,-0.0001089530010000006,10.347686052322388,0,28,drift,2.5
2.6508067884474826,-0.00010912844866666979,10.627680778503418,0,28,drift,2.5
2.648616057610358,-0.00011632180299999892,10.907835245132446,0,28,drift,2.5
2.6464253267732327,-0.0001089530010000006,11.209681510925293,0,28,drift,2.5
2.6452457024763194,-0.00011619021725000137,11.489621877670288,0,28,drift,2.5
2.6038024676061244,0.00011537017485600473,143.45902490615845,160.70223307609558,28,up,2.5
2.5734908416726334,-0.00011816400350000283,0.284008264541626,0,28,drift,3.0
2.597723695086372,-0.00012066413274999799,0.6051132678985596,0,29,drift,3.0
2.8520319693057514,-0.00012158523299999821,0.9186437129974365,0,30,drift,3.0
2.9875052663379598,-0.0001168920079166677,1.2362349033355713,0,31,drift,3.0
3.1277457434653146,-0.00012193612833333659,1.550126552581787,0,32,drift,3.0
3.159048852982459,-0.00012079571849999901,1.8678655624389648,0,33,drift,3.0
3.324068930023075,-0.00012316426200000008,2.1133012771606445,0,33,drift,3.0
3.3192830257327404,-0.00012864700158333672,2.31937837600708,0,33,drift,3.0
3.289818632183165,-0.00012750659175000262,2.589695930480957,0,33,drift,3.0
3.2717947218941337,-0.00012978741141667083,2.8696229457855225,0,33,drift,3.0
3.2592232972441693,-0.00012351515733333499,3.149935483932495,0,33,drift,3.0
3.2479063936718737,-0.00012829610625000182,3.451751708984375,0,33,drift,3.0
3.238192281207766,-0.00012825224433333365,3.731649160385132,0,33,drift,3.0
3.230507871502158,-0.0001265854915000024,4.011690616607666,0,33,drift,3.0
3.2223815707900867,-0.00012474329100000195,4.313642978668213,0,33,drift,3.0
3.2160490479771315,-0.00012263791900000293,4.593574285507202,0,33,drift,3.0
3.210926108173392,-0.00012386605266666642,4.9848034381866455,0,33,drift,3.0
3.2058743203113718,-0.00012948037800000062,5.196026086807251,0,33,drift,3.0
3.200579117911893,-0.00012531349591666727,5.455589532852173,0,33,drift,3.0
3.196298766891664,-0.00013009444483333063,5.735588788986206,0,33,drift,3.0
3.1920633539398895,-0.00012553280550000462,6.037542343139648,0,33,drift,3.0
3.1880076932619286,-0.00012513804825000155,6.3175740242004395,0,33,drift,3.0
3.184300302614486,-0.00012588370083333605,6.597593545913696,0,33,drift,3.0
3.1803794561418868,-0.00012119047575000208,6.899512529373169,0,33,drift,3.0
3.177357371038366,-0.00011965530866666838,7.1795642375946045,0,33,drift,3.0
3.1740544230070076,-0.00012943651608333592,7.4595232009887695,0,33,drift,3.0
3.171002379191184,-0.00012474329100000542,7.76140022277832,0,33,drift,3.0
3.167751858906356,-0.00013075237358333575,8.04142451286316,0,33,drift,3.0
3.165594831620571,-0.00011719904133333792,8.321379661560059,0,33,drift,3.0
3.161595343528178,-0.00012474329099999848,8.623090744018555,0,33,drift,3.0
3.159797820790024,-0.00012268178091666762,8.90331482887268,0,33,drift,3.0
3.157573386401558,-0.00012610301041666994,9.183359622955322,0,33,drift,3.0
3.1546748809862852,-0.00012671707725000342,9.485169172286987,0,33,drift,3.0
3.152618964354521,-0.0001253134959166638,9.765153408050537,0,33,drift,3.0
3.151203415198225,-0.000126980248750002,10.04529070854187,0,33,drift,3.0
3.1481438817043257,-0.00012513804825000502,10.347052097320557,0,33,drift,3.0
3.1458108469837627,-0.0001314541642500021,10.62713074684143,0,33,drift,3.0
3.1436201161466375,-0.00012658549150000586,10.907121181488037,0,33,drift,3.0
3.141762675983878,-0.00012474329099999848,11.209010124206543,0,33,drift,3.0
3.1398790219478547,-0.00012864700158333325,11.488917350769043,0,33,drift,3.0
3.137620884008048,-0.00012715569641666424,11.769039154052734,0,33,drift,3.0
3.1364300251940214,-0.00012355901924999968,12.070914030075073,0,33,drift,3.0
3.0958435795369676,0.00012374534467200424,174.0029046535492,191.24603748321533,33,up,3.0
3.0648549166641503,-0.00012149750916666882,0.2848217487335205,0,33,drift,3.5
3.0640797349833218,-0.00011930441333333347,0.6418774127960205,0,34,drift,3.5
3.3501255200482323,-0.00013066464974999942,0.9627501964569092,0,35,drift,3.5
3.5132469636966737,-0.00012741886791666282,1.3008410930633545,0,36,drift,3.5
3.6442526677567617,-0.00013834048516666447,1.6386384963989258,0,37,drift,3.5
3.7481869304124427,-0.00013540173675000156,1.872016191482544,0,37,drift,3.5
3.756249568860871,-0.0001318489215000017,2.083160877227783,0,37,drift,3.5
3.727129700502776,-0.0001313664404166623,2.2977116107940674,0,37,drift,3.5
3.7069637422841106,-0.00013263843599999395,2.5906736850738525,0,37,drift,3.5
3.6936283704704307,-0.00013149802616666678,2.8706157207489014,0,37,drift,3.5
3.6814950919878906,-0.00013342795050000356,3.150693416595459,0,37,drift,3.5
3.6729905625329997,-0.00013105940699999902,3.452655076980591,0,37,drift,3.5
3.663969245290889,-0.00013698076574999996,3.7326791286468506,0,37,drift,3.5
3.656689278201365,-0.00012877858733333428,4.0125648975372314,0,37,drift,3.5
3.6504316521691664,-0.00013066464974999595,4.314585208892822,0,37,drift,3.5
3.6443874819621236,-0.00012755045366666384,4.5945680141448975,0,37,drift,3.5
3.6400397238392133,-0.0001315857500000031,4.874567747116089,0,37,drift,3.5
3.634733286922622,-0.00013145416424999515,5.1764655113220215,0,37,drift,3.5
3.6300634726424588,-0.00013439291266666847,5.456448316574097,0,37,drift,3.5
3.6262549713409946,-0.00012605914850000177,5.736527681350708,0,37,drift,3.5
3.621851040632517,-0.00013698076574999996,6.038458347320557,0,37,drift,3.5
3.618267229673323,-0.0001317611976666619,6.3183934688568115,0,37,drift,3.5
3.6149642816419645,-0.00012763817750000017,6.598425388336182,0,37,drift,3.5
3.6117249958742494,-0.00012869086349999795,6.900376081466675,0,37,drift,3.5
3.6081898678225466,-0.00012926106841666327,7.180305242538452,0,37,drift,3.5
3.605796915677379,-0.0001305769259166631,7.4604082107543945,0,37,drift,3.5
3.6029770518819006,-0.00013421746500000276,7.762174844741821,0,37,drift,3.5
3.5998313870901306,-0.00013500697949999849,8.042279720306396,0,37,drift,3.5
3.5973036207396007,-0.00012847155391666407,8.322211027145386,0,37,drift,3.5
3.594199149177248,-0.00012632232000000035,8.624098062515259,0,37,drift,3.5
3.591843645422458,-0.0001316296119166678,8.90427851676941,0,37,drift,3.5
3.589922542996056,-0.00013579649400000116,9.184224605560303,0,37,drift,3.5
3.5875183563337742,-0.00012948037799999715,9.486023664474487,0,37,drift,3.5
3.584799603192317,-0.00013404201733333704,9.766109704971313,0,37,drift,3.5
3.5831144256252982,-0.00013667373233332974,10.046064615249634,0,37,drift,3.5
3.581167109325631,-0.00012395377649999928,10.347963094711304,0,37,drift,3.5
3.5788677781564093,-0.00013097168316666963,10.627992391586304,0,37,drift,3.5
3.576879268627326,-0.00012790134899999875,10.908071279525757,0,37,drift,3.5
3.574636110043672,-0.0001326384360000009,11.210009098052979,0,37,drift,3.5
3.572666324709777,-0.00013075237358333228,11.489916324615479,0,37,drift,3.5
3.571621514618225,-0.00013171733575000066,11.769986629486084,0,37,drift,3.5
3.529560291430653,0.00013025726026800327,204.2444362640381,221.487633228302,37,up,3.5
3.4976422194260737,-0.0001317611976666723,0.2848238945007324,0,37,drift,4.0
3.506843288942,-0.0001217168187500027,0.6164634227752686,0,38,drift,4.0
3.7989369890529923,-0.00013658600850000036,0.9360308647155762,0,39,drift,4.0
3.9266210208865333,-0.0001412792335833274,1.2642443180084229,0,40,drift,4.0
4.0400334711469394,-0.00013527015099999706,1.5878376960754395,0,41,drift,4.0
4.144780363873828,-0.00013579649400000116,1.9195151329040527,0,42,drift,4.0
4.256140642341507,-0.00013834048516666447,2.1557862758636475,0,42,drift,4.0
4.2677346640026,-0.00014237578150000027,2.3773229122161865,0,42,drift,4.0
4.233428193577124,-0.0001468496969999969,2.615123987197876,0,42,drift,4.0
4.211921582982918,-0.0001414985431666682,2.870481491088867,0,42,drift,4.0
4.197732387868615,-0.00013645442274999933,3.15077805519104,0,42,drift,4.0
4.183636813730256,-0.00013500697950000196,3.452516555786133,0,42,drift,4.0
4.172623242120026,-0.00014027040950000125,3.7324910163879395,0,42,drift,4.0
4.164466982695652,-0.00013496311758333032,4.06217098236084,0,42,drift,4.0
4.156614055233342,-0.00014132309549999902,4.314329624176025,0,42,drift,4.0
4.150210380478668,-0.00013860365666666652,4.594345331192017,0,42,drift,4.0
4.143368559556569,-0.00013741938491666078,4.874160289764404,0,42,drift,4.0
4.137680149058119,-0.00013540173674999809,5.176297903060913,0,42,drift,4.0
4.132313794716921,-0.0001417617146666668,5.456288814544678,0,42,drift,4.0
4.1274267797725654,-0.0001353578748333334,5.736323118209839,0,42,drift,4.0
4.123270008440585,-0.0001429021245000009,6.038223505020142,0,42,drift,4.0
4.118899781283447,-0.00014101606208333228,6.318387746810913,0,42,drift,4.0
4.114619430263217,-0.00013693690383332832,6.5982911586761475,0,42,drift,4.0
4.110327844725875,-0.00013382270775000316,6.900238513946533,0,42,drift,4.0
4.106496874390184,-0.00014461273925000032,7.180131912231445,0,42,drift,4.0
4.1028231872940815,-0.0001391738615833353,7.460135459899902,0,42,drift,4.0
4.099842295419976,-0.00013777028024999916,7.76212739944458,0,42,drift,4.0
4.0959476628206435,-0.00013838434708333264,8.04208493232727,0,42,drift,4.0
4.093723228432177,-0.00013277002174999497,8.322172403335571,0,42,drift,4.0
4.090375342332365,-0.00014171785274999862,8.624052286148071,0,42,drift,4.0
4.087184739472142,-0.00013798958983333304,8.904122114181519,0,42,drift,4.0
4.084185123402848,-0.00014535839183333135,9.183942794799805,0,42,drift,4.0
4.081237935080082,-0.00013500697950000196,9.485939025878906,0,42,drift,4.0
4.079196997804471,-0.00013759483258333344,9.766033411026001,0,42,drift,4.0
4.076804045659303,-0.00013812117558333406,10.045929670333862,0,42,drift,4.0
4.074377389962794,-0.00014053358099999982,10.347963571548462,0,42,drift,4.0
4.070063335391224,-0.0001418933004166678,10.627854347229004,0,42,drift,4.0
4.070063335391224,-0.00013689304191666363,10.907976388931274,0,42,drift,4.0
4.019111115360059,0.00013805134741199515,233.65075254440308,250.89426398277283,42,up,4.0
3.9806815172365155,-0.00014386708666665887,0.2848625183105469,0,42,drift,4.5
4.025102797903147,-0.00013904227583333081,0.5952229499816895,0,43,drift,4.5
4.297779507603037,-0.00015435008474999623,0.9276795387268066,0,44,drift,4.5
4.474101508859796,-0.00014961299775000103,1.232898235321045,0,45,drift,4.5
4.582997683240591,-0.00014522680608333033,1.5485806465148926,0,46,drift,4.5
4.703989687713546,-0.00015869241449999877,1.8713829517364502,0,47,drift,4.5
4.79051044884336,-0.00015478870391666746,2.099823474884033,0,47,drift,4.5
4.76536759954343,-0.00014325301983333233,2.3073718547821045,0,47,drift,4.5
4.736824436397159,-0.00014961299774999756,2.5904669761657715,0,47,drift,4.5
4.716598560753889,-0.00014842872599999876,2.870635986328125,0,47,drift,4.5
4.702914918909691,-0.0001514990601666627,3.150482177734375,0,47,drift,4.5
4.689849175506734,-0.00015119202674999943,3.452554225921631,0,47,drift,4.5
4.679187618766059,-0.0001555782184166632,3.7325611114501953,0,47,drift,4.5
4.671435801957768,-0.00015307808916666457,4.01258111000061,0,47,drift,4.5
4.6630061692836335,-0.00015119202674999596,4.31443977355957,0,47,drift,4.5
4.655291800865722,-0.00015176223166666475,4.59440016746521,0,47,drift,4.5
4.649292568727134,-0.0001506218218333341,4.874530553817749,0,47,drift,4.5
4.643323295300848,-0.0001464549397499973,5.176342964172363,0,47,drift,4.5
4.636957068936552,-0.00014553383950000054,5.45638632774353,0,47,drift,4.5
4.6331148640837485,-0.00014092833824999942,5.736376047134399,0,47,drift,4.5
4.627355301643578,-0.00015040251225000023,6.038352012634277,0,47,drift,4.5
4.622633059616887,-0.0001444811534999993,6.31806492805481,0,47,drift,4.5
4.619060483174805,-0.00014891120708333122,6.59822154045105,0,47,drift,4.5
4.613664170121306,-0.0001448759107499989,6.9002532958984375,0,47,drift,4.5
4.610331263377645,-0.00014193716233332904,7.1801371574401855,0,47,drift,4.5
4.607129426000309,-0.0001452706679999985,7.460313081741333,0,47,drift,4.5
4.602279859446331,-0.0001464549397499973,7.762156009674072,0,47,drift,4.5
4.598905759473253,-0.00015000775500000063,8.042215585708618,0,47,drift,4.5
4.596984657046851,-0.00014040199525000227,8.322073459625244,0,47,drift,4.5
4.592273649537273,-0.00014961299774999756,8.624111652374268,0,47,drift,4.5
4.589603579303307,-0.00014373550091666826,8.904004096984863,0,47,drift,4.5
4.586974702298756,-0.00015198154124999863,9.184001445770264,0,47,drift,4.5
4.582866613874267,-0.0001444811534999993,9.486071586608887,0,47,drift,4.5
4.580132881376658,-0.00015097271716666555,9.765942335128784,0,47,drift,4.5
4.578178075398915,-0.0001504902360833331,10.045938968658447,0,47,drift,4.5
4.574717844127969,-0.00014882348325000183,10.347864627838135,0,47,drift,4.5
4.571909214849603,-0.00014934982624999898,10.628036975860596,0,47,drift,4.5
4.570257740833924,-0.00014799010683333447,10.908003807067871,0,47,drift,4.5
4.566778785367789,-0.00015277105574999783,11.209761142730713,0,47,drift,4.5
4.5657751685056525,-0.00014829714024999774,11.489935398101807,0,47,drift,4.5
4.5178163630903345,0.00014583280232399395,263.5682475566864,280.8111689090729,47,up,4.5
4.474910394091967,-0.00014246350533334007,0.2845735549926758,0,47,drift,5.0
4.481954436322107,-0.0001467181112500028,0.6042129993438721,0,48,drift,5.0
4.6151021883118295,-0.00015237629849999823,0.9155325889587402,0,49,drift,5.0
4.850199438267187,-0.0001512797505833323,1.2422575950622559,0,50,drift,5.0
5.058554792653466,-0.00014794624491666283,1.5547325611114502,0,51,drift,5.0
5.192796037642231,-0.00015829765724999917,1.8821337223052979,0,52,drift,5.0
5.362695639949127,-0.00016259612508333354,2.120007038116455,0,52,drift,5.0
5.34732682053791,-0.00016097323416666698,2.3317413330078125,0,52,drift,5.0
5.30936538721152,-0.00016303474424999784,2.5903635025024414,0,52,drift,5.0
5.28379562626128,-0.00016531556391666605,2.870394706726074,0,52,drift,5.0
5.267146071899128,-0.00016514011625000033,3.15043306350708,0,52,drift,5.0
5.251305402769146,-0.00015948192899999797,3.452376127243042,0,52,drift,5.0
5.238801385221861,-0.00016145571524999944,3.7323646545410156,0,52,drift,5.0
5.228285877203661,-0.00015974510049999655,4.012463808059692,0,52,drift,5.0
5.218890076057768,-0.0001657980449999985,4.314234256744385,0,52,drift,5.0
5.208973742285617,-0.00016145571524999597,4.611650466918945,0,52,drift,5.0
5.200851186412584,-0.00016373653491667112,5.04193377494812,0,52,drift,5.0
5.194503684243478,-0.00016185047249999904,5.376493215560913,0,52,drift,5.0
5.187571987184471,-0.0001597889624166647,5.604343414306641,0,52,drift,5.0
5.1830894148562,-0.00015873627641666346,5.8133015632629395,0,52,drift,5.0
5.177756764066343,-0.0001654032877499989,6.038097143173218,0,52,drift,5.0
5.1725064997353165,-0.0001597889624166647,6.318110227584839,0,52,drift,5.0
5.168630591331174,-0.0001700965128333294,6.598117351531982,0,52,drift,5.0
5.161878646545983,-0.00016737707400000038,6.943292140960693,0,52,drift,5.0
5.157171383875441,-0.00015816607150000161,7.508711576461792,0,52,drift,5.0
5.15356510388202,-0.0001603153054166688,8.031717538833618,0,52,drift,5.0
5.148636895708248,-0.00016500853050000278,8.325670003890991,0,52,drift,5.0
5.144802180533518,-0.0001694385840833347,8.556722402572632,0,52,drift,5.0
5.142004785772267,-0.0001630347442500013,8.791972637176514,0,52,drift,5.0
5.137012915334852,-0.0001630347442500013,9.013430833816528,0,52,drift,5.0
5.133915933450574,-0.00016395584450000153,9.278120517730713,0,52,drift,5.0
5.1310848351379805,-0.00016456991133333154,9.713865756988525,0,52,drift,5.0
5.127545962247239,-0.00015513959925000237,9.980127334594727,0,52,drift,5.0
5.122894872162267,-0.0001611486818333327,10.278469324111938,0,52,drift,5.0
5.120603030671121,-0.00015053409800000472,10.520495891571045,0,52,drift,5.0
5.117270123927461,-0.00015948192899999797,10.740575790405273,0,52,drift,5.0
5.115884533483467,-0.00016500853050000278,10.960976839065552,0,52,drift,5.0
5.112278253490045,-0.00016057847691667085,11.203678607940674,0,52,drift,5.0
5.108192634099781,-0.00016303474424999784,11.442123174667358,0,52,drift,5.0
5.106548649762179,-0.0001669823167499973,11.668011665344238,0,52,drift,5.0
5.104964582849179,-0.00016149957716667107,11.88340711593628,0,52,drift,5.0
5.102051098077756,-0.00016303474424999437,12.105294466018677,0,52,drift,5.0
5.099538311083378,-0.00016777183124999998,12.351640701293945,0,52,drift,5.0
5.095628699127893,-0.00016149957716666413,12.631741762161255,0,52,drift,5.0
5.092464310140934,-0.00015987668624999757,12.933598756790161,0,52,drift,5.0
5.090876498388898,-0.0001597889624166647,13.213579416275024,0,52,drift,5.0
5.090269834464771,-0.00015812220958333692,13.49336552619934,0,52,drift,5.0
5.022076495338326,0.0001602588112680041,295.5871365070343,312.8303461074829,52,up,5.0
4.97021778459031,-0.0001557536660833289,0.2845792770385742,0,52,drift,5.5
4.9727455509408385,-0.00016268384891666987,0.8674755096435547,0,53,drift,5.5
5.057502492883838,-0.00016698231675000078,1.4577784538269043,0,54,drift,5.5
5.31770139890971,-0.0001614557152500029,2.230354070663452,0,55,drift,5.5
5.3204313865682815,-0.00016759638358333426,2.786672353744507,0,56,drift,5.5
5.446007074023529,-0.0001646137732499997,3.237555980682373,0,57,drift,5.5
5.4142957770512625,-0.00016540328775000238,3.839376449584961,0,58,drift,5.5
5.452785232681984,-0.0001533851225833313,4.3189005851745605,0,59,drift,5.5
5.502688957699986,-0.00016777183125000344,4.710404634475708,0,60,drift,5.5
5.628111106754684,-0.00016943858408333817,5.2414281368255615,0,61,drift,5.5
5.704854093156748,-0.000162464539333336,5.642582178115845,0,61,drift,5.5
5.86147449623553,-0.00018079882049999718,6.377349853515625,0,61,drift,5.5
5.82672613480359,-0.00017965841066666655,6.726866245269775,0,61,drift,5.5
6.015600836515126,-0.00017786007208333426,7.191701412200928,0,61,drift,5.5
6.025019106695244,-0.00018553590749999932,7.622413873672485,0,61,drift,5.5
6.111049293911105,-0.00018961506575000328,8.123873710632324,0,61,drift,5.5
6.158301672890329,-0.0001920274711666621,8.511327981948853,0,61,drift,5.5
6.1376938236652,-0.0001867201792500016,8.887956619262695,0,61,drift,5.5
6.31468615110973,-0.00019838744908333428,9.423923969268799,0,61,drift,5.5
6.263996009893785,-0.00019829972524999795,9.811415910720825,0,61,drift,5.5
6.229397442023358,-0.0001890887227499992,10.286427736282349,0,61,drift,5.5
6.205857383831616,-0.00019145726625000026,10.74553894996643,0,61,drift,5.5
6.189511161431528,-0.00019724703925000017,11.09438157081604,0,61,drift,5.5
6.174872585632687,-0.00019145726625000373,11.360056161880493,0,61,drift,5.5
6.161166474754261,-0.0001973786250000012,11.6896333694458,0,61,drift,5.5
6.154223543178142,-0.00019558028641667238,11.993559837341309,0,61,drift,5.5
6.142906639605847,-0.00019343105249999826,12.277692079544067,0,61,drift,5.5
6.138079542086095,-0.0001921590569166666,12.504047393798828,0,61,drift,5.5
6.126519223976342,-0.00019729090116666834,12.746204853057861,0,61,drift,5.5
6.117980990970112,-0.00019264153799999906,12.978814363479614,0,61,drift,5.5
6.108454120457894,-0.00019163271391666598,13.246048927307129,0,61,drift,5.5
6.103937844578283,-0.0001936503620833356,13.514530897140503,0,61,drift,5.5
6.096021254852329,-0.00019461532424999706,13.814126014709473,0,61,drift,5.5
6.091669751890382,-0.00019487849575000257,14.058260679244995,0,61,drift,5.5
6.084086452838794,-0.0001925099522500015,14.334038496017456,0,61,drift,5.5
6.078195821032302,-0.00019501008149999666,14.600910902023315,0,61,drift,5.5
6.074649458463485,-0.00018882555124999714,14.866216659545898,0,61,drift,5.5
6.069964664827171,-0.0002009753021666623,15.094040393829346,0,61,drift,5.5
6.067979900137128,-0.00019106250900000066,15.370048999786377,0,61,drift,5.5
6.06814467305479,-0.00019623821516667056,15.608978271484375,0,61,drift,5.5
5.953595199786365,0.000191119354043999,332.5414984226227,349.78494143486023,61,up,5.5
5.90478355970793,-0.0001888255512500006,0.2847251892089844,0,61,drift,6.0
5.914928328661386,-0.00018996596108333472,0.6225597858428955,0,62,drift,6.0
6.264149548294337,-0.0001969838677500016,0.9498703479766846,0,63,drift,6.0
6.452365158335215,-0.000205361493833333,1.2779555320739746,0,64,drift,6.0
6.5796297681965195,-0.00020176481666666843,1.5035080909729004,0,64,drift,6.0
6.5777573486776095,-0.000206852799000002,1.7417471408843994,0,64,drift,6.0
6.548555093860683,-0.00020246660733333477,2.0085151195526123,0,64,drift,6.0
6.531096654266361,-0.0001925099522500015,2.288522481918335,0,64,drift,6.0
6.515473185800571,-0.00020645804174999893,2.5905797481536865,0,64,drift,6.0
6.50406640609137,-0.00020145778324999822,2.8704419136047363,0,64,drift,6.0
6.494326079753998,-0.00019825586333333325,3.150434970855713,0,64,drift,6.0
6.484855381827348,-0.00020448425550000093,3.4525306224823,0,64,drift,6.0
6.478249485764632,-0.00019886993016666674,3.7323806285858154,0,64,drift,6.0
6.471778403907278,-0.0002001419257499984,4.01237940788269,0,64,drift,6.0
6.463884283215551,-0.00019658911049999853,4.3144049644470215,0,64,drift,6.0
6.458532908230506,-0.000200054201916669,4.594380140304565,0,64,drift,6.0
6.453915521696873,-0.00020312453608333295,4.874346494674683,0,64,drift,6.0
6.447077445613811,-0.0001989576539999996,5.176254510879517,0,64,drift,6.0
6.442254092933098,-0.00019847517291666714,5.456242084503174,0,64,drift,6.0
6.4389174413504,-0.00020229115966666558,5.736249208450317,0,64,drift,6.0
6.433296437954631,-0.00020408949825000133,6.038153409957886,0,64,drift,6.0
6.429952296693857,-0.0002080370707500008,6.318183660507202,0,64,drift,6.0
6.4262449060464135,-0.0001956241483333336,6.598284959793091,0,64,drift,6.0
6.42185220985505,-0.00020251046925000293,6.900208234786987,0,64,drift,6.0
6.41724605783853,-0.00019759793458333508,7.180099725723267,0,64,drift,6.0
6.413976813358513,-0.0001983435871666661,7.460205793380737,0,64,drift,6.0
6.410407981755469,-0.000206852799000002,7.762044429779053,0,64,drift,6.0
6.407438324398478,-0.0001957557340833381,8.042032957077026,0,64,drift,6.0
6.403933155059076,-0.00019886993016666674,8.322081327438354,0,64,drift,6.0
6.400311895709504,-0.00020211571199999986,8.624153137207031,0,64,drift,6.0
6.398843918806678,-0.000196589110500002,8.904053449630737,0,64,drift,6.0
6.39554097077532,-0.0001975979345833316,9.184000015258789,0,64,drift,6.0
6.391773662703273,-0.00020527377000000013,9.485906600952148,0,64,drift,6.0
6.389777663496114,-0.00019720317733333548,9.76597809791565,0,64,drift,6.0
6.3866769367727985,-0.0001996155827500047,10.045974493026733,0,64,drift,6.0
6.382995759998622,-0.00019579959599999933,10.34793472290039,0,64,drift,6.0
6.3820258466878235,-0.0002019841262500023,10.627862453460693,0,64,drift,6.0
6.3209364072987,0.00019897028623199614,361.6866075992584,378.9299986362457,64,up,6.0
6.270332277545779,-0.00019825586333333325,0.28464436531066895,0,64,drift,5.5
6.2596819553222165,-0.0001977733822500008,0.6145713329315186,0,63,drift,5.5
5.967738048772737,-0.00019698386774999813,0.9288046360015869,0,62,drift,5.5
5.687463060665107,-0.00019049230408333534,1.2449867725372314,0,61,drift,5.5
5.404892486227293,-0.0001778600720833308,1.5865352153778076,0,60,drift,5.5
5.199986128594847,-0.00018672017924999812,1.9003465175628662,0,59,drift,5.5
4.958590059377876,-0.00017812324358333284,2.1544158458709717,0,59,drift,5.5
4.88949777913008,-0.00017891275808332857,2.364231824874878,0,59,drift,5.5
4.9050126472637725,-0.0001760617334999985,2.590543508529663,0,59,drift,5.5
4.914539517775988,-0.00018356212124999438,2.870659351348877,0,59,drift,5.5
4.921549856454789,-0.0001812813015833331,3.1506154537200928,0,59,drift,5.5
4.927331887929185,-0.00017843027699999958,3.4526429176330566,0,59,drift,5.5
4.933683134937329,-0.0001782548293333304,3.732546329498291,0,59,drift,5.5
4.9381657072656,-0.00017943910108333266,4.012633800506592,0,59,drift,5.5
4.941622193697508,-0.00017764076249999344,4.314543724060059,0,59,drift,5.5
4.94598493117657,-0.00018084268241666535,4.5944414138793945,0,59,drift,5.5
4.949051954348546,-0.00017702669566665996,4.874517917633057,0,59,drift,5.5
4.951418692620448,-0.00017961454874999838,5.176485776901245,0,59,drift,5.5
4.954410819011667,-0.0001806672347499927,5.596151113510132,0,59,drift,5.5
4.956230810784048,-0.00018093040625000167,5.83350682258606,0,59,drift,5.5
4.958488948723854,-0.00018198309224999598,6.044437646865845,0,59,drift,5.5
4.960612272458299,-0.00018101813008333453,6.3180930614471436,0,59,drift,5.5
4.963611888527593,-0.00018158833499999985,6.715064764022827,0,59,drift,5.5
4.964810237019696,-0.00017685124799999424,6.92774772644043,0,59,drift,5.5
4.9659037300187405,-0.00018264102099999763,7.180274248123169,0,59,drift,5.5
4.988141063564718,3.594501615600612e-05,387.83945083618164,405.0831377506256,59,up,5.5
4.996540258187152,-0.00017742145291666303,0.3073282241821289,0,59,drift,5.0
4.997753586035406,-0.00018132516350000127,0.773698091506958,0,60,drift,5.0
5.173652420480891,-0.00018000930599999798,1.114100694656372,0,61,drift,5.0
5.418609831622832,-0.00019014140874999697,1.4558980464935303,0,62,drift,5.0
5.6370425478598865,-0.00018886941316666184,1.696920394897461,0,62,drift,5.0
5.903626404445244,-0.0001977733822500008,1.9139208793640137,0,62,drift,5.0
5.8875273414216505,-0.0001907993374999986,2.1325247287750244,0,62,drift,5.0
5.877146647608811,-0.0001906238898333329,2.351654052734375,0,62,drift,5.0
5.870492068638604,-0.000196589110500002,2.590287208557129,0,62,drift,5.0
5.864204483894102,-0.00018965892766666104,2.870565891265869,0,62,drift,5.0
5.858946729885002,-0.00019005368491666758,3.1505603790283203,0,62,drift,5.0
5.854853620816663,-0.00018632542199999852,3.452568292617798,0,62,drift,5.0
5.8511949130767125,-0.00018979051341666553,3.7325944900512695,0,62,drift,5.0
5.849206403547629,-0.0001924222284166617,4.012454271316528,0,62,drift,5.0
5.844937287044514,-0.0001954048387500032,4.314378499984741,0,62,drift,5.0
5.843780131781827,-0.0001981681395000004,4.594369888305664,0,62,drift,5.0
5.80337280926563,0.0001924267900559988,410.91685819625854,428.1604018211365,62,up,5.0
5.777923392462708,-0.00019075547558333045,0.2848825454711914,0,62,drift,4.5
5.772901563312991,-0.0002006682687500025,0.6202824115753174,0,61,drift,4.5
5.447744679337077,-0.00018237784949999905,0.9454593658447266,0,60,drift,4.5
5.180258316543608,-0.0001811497158333321,1.2875919342041016,0,59,drift,4.5
4.94247976183717,-0.00018009702983333084,1.6170392036437988,0,58,drift,4.5
4.7040196464258495,-0.00017290367549999824,1.9525136947631836,0,57,drift,4.5
4.5095576448698855,-0.00016768410741666712,2.2936551570892334,0,56,drift,4.5
4.369114946434487,-0.00017027196049999513,2.620725393295288,0,55,drift,4.5
4.173241140561267,-0.0001622452297500021,2.979536294937134,0,54,drift,4.5
4.011216934750908,-0.0001593064813333392,3.2202353477478027,0,54,drift,4.5
3.826689991162282,-0.00016470149708333257,3.4427852630615234,0,54,drift,4.5
3.835576494199032,-0.00015829765725000264,3.707740068435669,0,54,drift,4.5
3.853720239337273,-0.00016281543466666396,3.9372901916503906,0,54,drift,4.5
3.865347964549708,-0.00016535942583333074,4.164517402648926,0,54,drift,4.5
3.8750321183015126,-0.0001661928022499981,4.394617319107056,0,54,drift,4.5
3.8824019615279437,-0.00016347336341666907,4.618412256240845,0,54,drift,4.5
3.888670822077256,-0.00016369267299999948,4.8745033740997314,0,54,drift,4.5
3.896063134337914,-0.00016579804500000198,5.176434278488159,0,54,drift,4.5
3.900163733084329,-0.00016092937224999881,5.456429958343506,0,54,drift,4.5
3.9044777876558983,-0.00015899944791666898,5.736433506011963,0,54,drift,4.5
3.908256330245059,-0.00016263998699999824,6.0383429527282715,0,54,drift,4.5
3.9137125607231646,-0.00016926313641666899,6.318363904953003,0,54,drift,4.5
3.916442548381736,-0.00016114868183333617,6.598369598388672,0,54,drift,4.5
3.9195507647831267,-0.00016579804500000198,6.9002814292907715,0,54,drift,4.5
3.924059550984664,-0.00016641211183333546,7.180455446243286,0,54,drift,4.5
3.926115467616427,-0.0001642628779166648,7.460418701171875,0,54,drift,4.5
3.928837965596923,-0.0001626399870000017,7.762322664260864,0,54,drift,4.5
3.932316921063059,-0.00016746479783334017,8.042305707931519,0,54,drift,4.5
3.934575059002865,-0.00016281543466666396,9.040870428085327,0,54,drift,4.5
3.977640108763559,0.00016462324742400405,438.450945854187,455.6945343017578,54,up,4.5
4.003128082429214,-0.00016154343908333577,0.2848031520843506,0,54,drift,4.0
3.978288565091348,-0.0001642628779166648,0.6127853393554688,0,53,drift,4.0
3.6725112231361576,-0.0001634295015000009,0.9447503089904785,0,52,drift,4.0
3.4861830119703416,-0.00016000827200000206,1.1980478763580322,0,52,drift,4.0
3.5182687928463907,-0.0001558413899166687,1.4265289306640625,0,52,drift,4.0
3.5310461836434355,-0.0001634295015000009,1.7284746170043945,0,52,drift,4.0
3.539468326639496,-0.00015878013833333857,2.0086581707000732,0,52,drift,4.0
3.5434453456976613,-0.0001512797505833323,2.2883174419403076,0,52,drift,4.0
3.5492910394356993,-0.00015395532750000357,2.5904104709625244,0,52,drift,4.0
3.554500110537308,-0.00015654318058333158,2.870591640472412,0,52,drift,4.0
3.557668244363305,-0.00015579752800000055,3.1504416465759277,0,52,drift,4.0
3.5612745243567265,-0.00015632387100000117,3.4523332118988037,0,52,drift,4.0
3.5646785830421046,-0.00015636773291666586,3.7323904037475586,0,52,drift,4.0
3.567071535187273,-0.0001600959958333384,4.012389421463013,0,52,drift,4.0
3.569123706979999,-0.0001630347442500013,4.314298391342163,0,52,drift,4.0
3.5722618820936933,-0.00015790289999999957,4.5943567752838135,0,52,drift,4.0
3.5737111348013295,-0.00016005213391666676,4.874379396438599,0,52,drift,4.0
3.5755947888373534,-0.00016619280225000158,5.176246404647827,0,52,drift,4.0
3.5774522290001127,-0.00016154343908333577,5.456272840499878,0,52,drift,4.0
3.5795418491832165,-0.00015742041891667058,5.736276388168335,0,52,drift,4.0
3.581346861599447,-0.0001551395992499989,6.038206100463867,0,52,drift,4.0
3.5833503504846806,-0.00016316633000000233,6.3180646896362305,0,52,drift,4.0
3.584799603192317,-0.0001682543123333359,6.598280906677246,0,52,drift,4.0
3.586260090417067,-0.0001598766862500045,6.900217294692993,0,52,drift,4.0
3.611598510190908,0.00015986721207600016,464.5207052230835,481.7644872665405,52,up,4.0
3.6287827376915245,-0.0001595696528333343,0.28493738174438477,0,52,drift,3.5
3.6305353223612236,-0.000160490753083338,0.6476421356201172,0,51,drift,3.5
3.3263083437676917,-0.00015277105574999783,1.0033979415893555,0,50,drift,3.5
3.173009612915456,-0.00014921824050000143,1.3652076721191406,0,49,drift,3.5
3.0588556845255614,-0.0001552711850000034,1.6371710300445557,0,49,drift,3.5
3.018542492283419,-0.00014921824050000143,1.8811097145080566,0,49,drift,3.5
3.037319115219053,-0.0001536044321666652,2.119025707244873,0,49,drift,3.5
3.0466549989403413,-0.00015035865033333554,2.358099937438965,0,49,drift,3.5
3.0547625754572234,-0.0001500077550000041,2.591454267501831,0,49,drift,3.5
3.0618215970435156,-0.000147990106833331,2.87062668800354,0,49,drift,3.5
3.0666075013338507,-0.00014847258791667386,3.1506495475769043,0,49,drift,3.5
3.0707904865390967,-0.00015790289999999957,3.4525647163391113,0,49,drift,3.5
3.0755052388877133,-0.00015057795991666248,3.7326576709747314,0,49,drift,3.5
3.0770556022493714,-0.00015408691325000112,4.012576341629028,0,49,drift,3.5
3.081425829406508,-0.00014882348325000183,4.3144752979278564,0,49,drift,3.5
3.085144454571064,-0.00015101657908333024,4.594510316848755,0,49,drift,3.5
3.0878070351269553,-0.00015342898450000295,4.874511003494263,0,49,drift,3.5
3.0893349294543855,-0.00015553435650000197,5.176520824432373,0,49,drift,3.5
3.0922222003525457,-0.00015035865033333207,5.456498146057129,0,49,drift,3.5
3.0940421921249266,-0.00015233243658333354,5.736451864242554,0,49,drift,3.5
3.0956861764625296,-0.00015198154125000557,6.038501739501953,0,49,drift,3.5
3.09781698987505,-0.00014702514466666955,6.3183979988098145,0,49,drift,3.5
3.1001088313661964,-0.00015189381741666924,6.598403215408325,0,49,drift,3.5
3.1017977537722534,-0.0001515867840000025,6.900292634963989,0,49,drift,3.5
3.104052146873022,-0.0001510165790833337,7.180370569229126,0,49,drift,3.5
3.104861032105191,-0.00015575366608333585,7.4602885246276855,0,49,drift,3.5
3.133704800970706,5.080052098799595e-05,490.53718304634094,507.780739068985,49,up,3.5
3.1550456200510295,-0.00015097271716666555,0.28406286239624023,0,49,drift,3.0
3.1560567265912405,-0.00015356057024999703,0.6528642177581787,0,48,drift,3.0
2.920577503054025,-0.0001448759107499989,1.008962869644165,0,47,drift,3.0
2.7959342805191945,-0.0001483410021666659,1.3866980075836182,0,46,drift,3.0
2.7115068844115218,-0.0001381211755833306,1.659677505493164,0,46,drift,3.0
2.633363328209313,-0.00014487591075000236,1.8849027156829834,0,46,drift,3.0
2.653604183208735,-0.00014882348325000183,2.1086363792419434,0,46,drift,3.0
2.663007474032704,-0.00013877910433332877,2.337916135787964,0,46,drift,3.0
2.6713809341212715,-0.0001421126100000017,2.589682102203369,0,46,drift,3.0
2.6775000011090704,-0.00014044585716666697,2.869718074798584,0,46,drift,3.0
2.6830273835288945,-0.00014654266358333015,3.149754762649536,0,46,drift,3.0
2.68665987739558,-0.0001425073672500013,3.4517040252685547,0,46,drift,3.0
2.689700686694291,-0.00014693742083333322,3.731656551361084,0,46,drift,3.0
2.693037338276989,-0.0001464549397499973,4.01165771484375,0,46,drift,3.0
2.696306582757007,-0.00014448115350000276,4.313642978668213,0,46,drift,3.0
2.699272495274961,-0.00014110378591666514,4.593754053115845,0,46,drift,3.0
2.7012947083553844,-0.00014548997758333237,4.873714447021484,0,46,drift,3.0
2.70334688014811,-0.0001432968817500005,5.175544500350952,0,46,drift,3.0
2.7057435771323153,-0.00015079726949999983,5.455539703369141,0,46,drift,3.0
2.707698383110058,-0.0001447004630833297,5.735585689544678,0,46,drift,3.0
2.709967755566977,-0.0001425073672500013,6.03747296333313,0,46,drift,3.0
2.7112709595521394,-0.0001492621024166696,6.317511558532715,0,46,drift,3.0
2.7432375646706495,9.665552314799472e-05,515.5016050338745,532.7454304695129,46,up,3.0
2.766544783750376,-0.00015408691325000112,0.284696102142334,0,46,drift,2.5
2.767926629355332,-0.00014119150975000147,0.663140058517456,0,45,drift,2.5
2.540461361359053,-0.00013855979474999836,1.0095484256744385,0,44,drift,2.5
2.420847457652015,-0.00013268229791666558,1.3415513038635254,0,43,drift,2.5
2.3327463744482406,-0.00014285826258332926,1.7096893787384033,0,42,drift,2.5
2.2625343873281363,-0.0001425073672500013,1.9442646503448486,0,42,drift,2.5
2.2164354187725612,-0.00013956861883333144,2.176218271255493,0,42,drift,2.5
2.235511628831221,-0.00013961248074999613,2.407653331756592,0,42,drift,2.5
2.247345320190735,-0.00013619125124999729,2.639878749847412,0,42,drift,2.5
2.255801166738135,-0.00014097220016666412,2.8737711906433105,0,42,drift,2.5
2.2620026201847656,-0.00013807731366666937,3.150463581085205,0,42,drift,2.5
2.2681067078164143,-0.00014329688175000396,3.4525527954101562,0,42,drift,2.5
2.272922570819052,-0.00013711235150000098,3.732417106628418,0,42,drift,2.5
2.277169218287941,-0.00014772693533333242,4.01242470741272,0,42,drift,2.5
2.2807193256957947,-0.0001472444542499965,4.314298629760742,0,42,drift,2.5
2.28492103509623,-0.00013864751858333121,4.594326496124268,0,42,drift,2.5
2.287853244062844,-0.00014053358099999635,4.8743391036987305,0,42,drift,2.5
2.290186278783406,-0.0001429021245000009,5.176083564758301,0,42,drift,2.5
2.292908776763902,-0.00013777028024999916,5.456104755401611,0,42,drift,2.5
2.2956724679738136,-0.000133778845833335,5.736257076263428,0,42,drift,2.5
2.2979455852697708,-0.00013934930924999755,6.038293361663818,0,42,drift,2.5
2.299818004788681,-0.0001396563426666643,6.31821346282959,0,42,drift,2.5
2.3021098462798277,-0.000142682814916667,6.598214387893677,0,42,drift,2.5
2.3044166671271253,-0.00013658600850000036,6.900131464004517,0,42,drift,2.5
2.306390197300057,-0.00013483153183333624,7.180202484130859,0,42,drift,2.5
2.308007967764396,-0.00013794572791666487,7.460247755050659,0,42,drift,2.5
2.3098991114784955,-0.00014013882375000022,7.762190341949463,0,42,drift,2.5
2.3117827655145193,-0.00014228805766666394,8.042096853256226,0,42,drift,2.5
2.313198314670815,-0.00014351619133333438,8.322106122970581,0,42,drift,2.5
2.314932175145327,-0.00012829610625000182,8.624051809310913,0,42,drift,2.5
2.316130523637429,-0.000137243937250002,8.90407681465149,0,42,drift,2.5
2.3373659180091595,0.00014075464505999835,542.9068784713745,560.1505637168884,42,up,2.5
2.3589677373910622,-0.00015057795991666248,0.2848331928253174,0,42,drift,2.0
2.360248472341997,-0.00014680583508332873,0.6310372352600098,0,41,drift,2.0
2.15042888589193,-0.00013816503749999876,0.9775338172912598,0,40,drift,2.0
2.0508161674858942,-0.0001371562134166622,1.3125636577606201,0,39,drift,2.0
1.9659843287621375,-0.00013426132691666398,1.6597661972045898,0,38,drift,2.0
1.8815494429763897,-0.0001334279505000001,2.022333860397339,0,37,drift,2.0
1.7884340203009732,-0.00013351567433333641,2.27740740776062,0,37,drift,2.0
1.7230828342519606,-0.000132419126416667,2.5121378898620605,0,37,drift,2.0
1.7478137512577299,-0.00013382270774999969,2.7482106685638428,0,37,drift,2.0
1.7604600726884512,-0.0001401826856666684,2.9860777854919434,0,37,drift,2.0
1.7689870711775695,-0.00014027040950000125,3.219209909439087,0,37,drift,2.0
1.776394362794379,-0.00013540173675000156,3.453418016433716,0,37,drift,2.0
1.7825021952650653,-0.0001256643912499987,3.7325069904327393,0,37,drift,2.0
1.7874229137607618,-0.00013790186600000018,4.012497901916504,0,37,drift,2.0
1.792062769328622,-0.0001318489215000017,4.314388751983643,0,37,drift,2.0
1.7963206513146244,-0.00012882244925000244,4.594411611557007,0,37,drift,2.0
1.800466188129492,-0.00013667373233333321,4.874427795410156,0,37,drift,2.0
1.8038365432635306,-0.00013974406649999715,5.176462173461914,0,37,drift,2.0
1.8073417126029312,-0.00013601580358333504,5.45622444152832,0,37,drift,2.0
1.8097009611967585,-0.00012921720650000204,5.736361026763916,0,37,drift,2.0
1.8123747762697622,-0.00013540173675000156,6.038268089294434,0,37,drift,2.0
1.8153968613732836,-0.00013250685024999986,6.318305730819702,0,37,drift,2.0
1.8175201851077285,-0.0001427705387499964,6.5983006954193115,0,37,drift,2.0
1.820134082756127,-0.00013619125124999729,6.900252103805542,0,37,drift,2.0
1.8224746071547653,-0.00012969968758333103,7.180238485336304,0,37,drift,2.0
